id;code;house_number;street;hamlet;neighborhood_group;alley;owner_name;owner_phone;type;business_name;business_category;residents_count;male_count;female_count;under_18_count;above_18_count;status;warning_message;license_expiry;license_type;latitude;longitude;notes;last_checked_date;officer_in_charge
1;HK-BL-001;11;Đường Bà Điểm 4;Ấp Bắc Lân;Tổ 1;Mặt tiền đường;Huỳnh Thanh Huyền;0933727865;RESIDENTIAL;;;3;1;2;0;3;NORMAL;;;;10.859982;106.610214;Hộ dân cư trú ổn định, chấp hành nghiêm quy định pháp luật và an ninh trật tự.;2026-09-19;Đại úy Nguyễn Văn Bình
2;HK-BL-002;234;Đường Nguyễn Ảnh Thủ;Ấp Bắc Lân;Tổ 2;Mặt tiền đường;Nguyễn Hồng Linh;0891806193;RESIDENTIAL;;;5;3;2;0;5;NORMAL;;;;10.860287;106.608220;Hộ dân cư trú ổn định, chấp hành nghiêm quy định pháp luật và an ninh trật tự.;2026-09-03;Đại úy Nguyễn Văn Bình
3;HK-BL-003;143/7;Đường Bà Điểm 6;Ấp Bắc Lân;Tổ 3;Hẻm 143;Huỳnh Bích Hoa;0895982182;BOARDING_HOUSE;Dãy phòng trọ Cô Sáu (15 phòng);Cho thuê lưu trú / Nhà trọ;6;3;3;3;3;NORMAL;;2026-12-31;Cam kết đảm bảo ANTT lưu trú;10.861600;106.614638;Nhà trọ người lao động, định kỳ kiểm tra sổ khai báo lưu trú qua Cổng VNeID.;2026-09-19;Đại úy Nguyễn Văn Bình
4;HK-BL-004;41;Đường Bà Điểm 4;Ấp Bắc Lân;Tổ 4;Mặt tiền đường;Lý Thanh Bình;0892459869;BUSINESS;Sửa xe Bình;Sửa chữa cơ khí;2;1;1;0;2;NORMAL;;2027-12-31;Đăng ký kinh doanh cá thể;10.861348;106.611844;Cơ sở kinh doanh mặt tiền đường, đã ký cam kết đảm bảo an toàn PCCC và ANTT.;2026-09-04;Đại úy Nguyễn Văn Bình
5;HK-BL-005;9/12;Đường Bà Điểm 4;Ấp Bắc Lân;Tổ 5;Hẻm 9;Lý Thùy Chi;0882003213;RESIDENTIAL;;;3;2;1;1;2;NORMAL;;;;10.862270;106.612990;Hộ dân cư trú ổn định, chấp hành nghiêm quy định pháp luật và an ninh trật tự.;2026-09-03;Đại úy Nguyễn Văn Bình
6;HK-BL-006;143/25;Đường Bà Điểm 4;Ấp Bắc Lân;Tổ 6;Hẻm 143;Hoàng Thanh Long;0911154776;RESIDENTIAL;;;2;1;1;0;2;NORMAL;;;;10.863354;106.610997;Hộ dân cư trú ổn định, chấp hành nghiêm quy định pháp luật và an ninh trật tự.;2026-09-07;Đại úy Nguyễn Văn Bình
7;HK-BL-007;59;Đường Bà Điểm 4;Ấp Bắc Lân;Tổ 7;Mặt tiền đường;Phan Thanh Nam;0866721306;RESIDENTIAL;;;5;4;1;1;4;NORMAL;;;;10.861401;106.608605;Hộ dân cư trú ổn định, chấp hành nghiêm quy định pháp luật và an ninh trật tự.;2026-09-08;Đại úy Nguyễn Văn Bình
8;HK-BL-008;119;Đường Bà Điểm 4;Ấp Bắc Lân;Tổ 8;Mặt tiền đường;Bùi Đức Quân;0913960369;RESIDENTIAL;;;3;1;2;0;3;NORMAL;;;;10.863727;106.614222;Hộ dân cư trú ổn định, chấp hành nghiêm quy định pháp luật và an ninh trật tự.;2026-09-23;Đại úy Nguyễn Văn Bình
9;HK-BL-009;100/18;Đường Phan Văn Hớn;Ấp Bắc Lân;Tổ 1;Hẻm 100;Phạm Văn Huy;0916042103;RESIDENTIAL;;;4;2;2;1;3;WARNING;Nhân khẩu vắng mặt tại nơi cư trú quá 12 tháng;;;10.863443;106.612760;CSKV đã lập biên bản nhắc nhở: Nhân khẩu vắng mặt tại nơi cư trú quá 12 tháng.;2026-09-11;Đại úy Nguyễn Văn Bình
10;HK-BL-010;31/18;Đường Nguyễn Ảnh Thủ;Ấp Bắc Lân;Tổ 2;Hẻm 31;Nguyễn Trọng Thắng;0981308843;RESIDENTIAL;;;4;2;2;0;4;NORMAL;;;;10.863314;106.615381;Hộ dân cư trú ổn định, chấp hành nghiêm quy định pháp luật và an ninh trật tự.;2026-09-09;Đại úy Nguyễn Văn Bình
11;HK-BL-011;142/10;Đường Nguyễn Ảnh Thủ;Ấp Bắc Lân;Tổ 3;Hẻm 142;Bùi Văn Tài;0861105627;BOARDING_HOUSE;Dãy trọ Hai Lúa (14 phòng);Cho thuê lưu trú / Nhà trọ;5;2;3;2;3;NORMAL;;2026-12-31;Cam kết đảm bảo ANTT lưu trú;10.857482;106.613400;Nhà trọ người lao động, định kỳ kiểm tra sổ khai báo lưu trú qua Cổng VNeID.;2026-09-04;Đại úy Nguyễn Văn Bình
12;HK-BL-012;8;Đường Phan Văn Hớn;Ấp Bắc Lân;Tổ 4;Mặt tiền đường;Đỗ Bích Mai;0933319015;BUSINESS;Cơ sở may Mai;Dệt may tiểu thủ công;3;2;1;1;2;NORMAL;;2027-12-31;Đăng ký kinh doanh cá thể;10.859154;106.613885;Cơ sở kinh doanh mặt tiền đường, đã ký cam kết đảm bảo an toàn PCCC và ANTT.;2026-09-23;Đại úy Nguyễn Văn Bình
13;HK-BL-013;200/4;Đường Phan Văn Hớn;Ấp Bắc Lân;Tổ 5;Hẻm 200;Vũ Hữu Phúc;0987677449;RESIDENTIAL;;;6;2;4;2;4;WARNING;Nhân khẩu vắng mặt tại nơi cư trú quá 12 tháng;;;10.860307;106.608832;CSKV đã lập biên bản nhắc nhở: Nhân khẩu vắng mặt tại nơi cư trú quá 12 tháng.;2026-09-15;Đại úy Nguyễn Văn Bình
14;HK-BL-014;103;Đường Bà Điểm 4;Ấp Bắc Lân;Tổ 6;Mặt tiền đường;Phạm Ngọc My;0979484211;RESIDENTIAL;;;4;2;2;2;2;NORMAL;;;;10.858287;106.610618;Hộ dân cư trú ổn định, chấp hành nghiêm quy định pháp luật và an ninh trật tự.;2026-09-19;Đại úy Nguyễn Văn Bình
15;HK-BL-015;194;Đường Phan Văn Hớn;Ấp Bắc Lân;Tổ 7;Mặt tiền đường;Lý Đình Bình;0989244744;BUSINESS;Sửa xe Bình;Sửa chữa cơ khí;6;4;2;2;4;NORMAL;;2027-12-31;Đăng ký kinh doanh cá thể;10.863919;106.613209;Cơ sở kinh doanh mặt tiền đường, đã ký cam kết đảm bảo an toàn PCCC và ANTT.;2026-09-26;Đại úy Nguyễn Văn Bình
16;HK-BL-016;37/12;Đường Bà Điểm 6;Ấp Bắc Lân;Tổ 8;Hẻm 37;Hồ Như Huyền;0888863251;RESIDENTIAL;;;3;1;2;1;2;NORMAL;;;;10.860993;106.608617;Hộ dân cư trú ổn định, chấp hành nghiêm quy định pháp luật và an ninh trật tự.;2026-09-24;Đại úy Nguyễn Văn Bình
17;HK-BL-017;12/23;Đường Phan Văn Hớn;Ấp Bắc Lân;Tổ 1;Hẻm 12;Võ Đình Huy;0901096190;RESIDENTIAL;;;3;2;1;1;2;NORMAL;;;;10.857666;106.615245;Hộ dân cư trú ổn định, chấp hành nghiêm quy định pháp luật và an ninh trật tự.;2026-09-25;Đại úy Nguyễn Văn Bình
18;HK-BL-018;138/11;Đường Bà Điểm 6;Ấp Bắc Lân;Tổ 2;Hẻm 138;Phạm Thanh Hà;0893544189;RESIDENTIAL;;;5;2;3;1;4;NORMAL;;;;10.857544;106.614351;Hộ dân cư trú ổn định, chấp hành nghiêm quy định pháp luật và an ninh trật tự.;2026-09-26;Đại úy Nguyễn Văn Bình
19;HK-BL-019;73/18;Đường Bà Điểm 4;Ấp Bắc Lân;Tổ 3;Hẻm 73;Lý Bích Thu;0869733126;RESIDENTIAL;;;3;2;1;1;2;NORMAL;;;;10.857669;106.613999;Hộ dân cư trú ổn định, chấp hành nghiêm quy định pháp luật và an ninh trật tự.;2026-09-02;Đại úy Nguyễn Văn Bình
20;HK-BL-020;150;Đường Bà Điểm 4;Ấp Bắc Lân;Tổ 4;Mặt tiền đường;Lý Hữu Nam;0898308653;BUSINESS;VLXD Nam;Kinh doanh VLXD;3;2;1;0;3;NORMAL;;2027-12-31;Đăng ký kinh doanh cá thể;10.858936;106.611975;Cơ sở kinh doanh mặt tiền đường, đã ký cam kết đảm bảo an toàn PCCC và ANTT.;2026-09-13;Đại úy Nguyễn Văn Bình
21;HK-BL-021;68/24;Đường Phan Văn Hớn;Ấp Bắc Lân;Tổ 5;Hẻm 68;Lý Quốc Trung;0897607186;SPECIAL;Điểm dịch vụ Internet & Game 21;Dịch vụ Internet công cộng;4;2;2;1;3;WARNING;Cơ sở kinh doanh có điều kiện - kiểm tra định kỳ;2026-10-30;Giấy phép cung cấp dịch vụ Internet;10.859813;106.609413;CSKV đã lập biên bản nhắc nhở: Cơ sở kinh doanh có điều kiện - kiểm tra định kỳ.;2026-09-20;Đại úy Nguyễn Văn Bình
22;HK-BL-022;33;Đường Nguyễn Ảnh Thủ;Ấp Bắc Lân;Tổ 6;Mặt tiền đường;Lý Văn Cường;0909063321;BUSINESS;Tạp hóa Cường;Tạp hóa gia đình;4;1;3;1;3;NORMAL;;2027-12-31;Đăng ký kinh doanh cá thể;10.862383;106.612775;Cơ sở kinh doanh mặt tiền đường, đã ký cam kết đảm bảo an toàn PCCC và ANTT.;2026-09-22;Đại úy Nguyễn Văn Bình
23;HK-BL-023;187/1;Đường Phan Văn Hớn;Ấp Bắc Lân;Tổ 7;Hẻm 187;Vũ Phương Huyền;0987114704;BOARDING_HOUSE;Nhà trọ Hưng Phát (8 phòng);Cho thuê lưu trú / Nhà trọ;5;3;2;2;3;NORMAL;;2026-12-31;Cam kết đảm bảo ANTT lưu trú;10.862578;106.609657;Nhà trọ người lao động, định kỳ kiểm tra sổ khai báo lưu trú qua Cổng VNeID.;2026-09-25;Đại úy Nguyễn Văn Bình
24;HK-BL-024;14;Đường Phan Văn Hớn;Ấp Bắc Lân;Tổ 8;Mặt tiền đường;Đặng Đức Hùng;0891415267;BOARDING_HOUSE;Dãy trọ Hai Lúa (14 phòng);Cho thuê lưu trú / Nhà trọ;3;2;1;1;2;NORMAL;;2026-12-31;Cam kết đảm bảo ANTT lưu trú;10.861735;106.615111;Nhà trọ người lao động, định kỳ kiểm tra sổ khai báo lưu trú qua Cổng VNeID.;2026-09-15;Đại úy Nguyễn Văn Bình
25;HK-BL-025;150/19;Đường Bà Điểm 6;Ấp Bắc Lân;Tổ 1;Hẻm 150;Lý Quốc Thành;0887953800;RELIGIOUS;Chùa Giác Hoằng;Tôn giáo / Tín ngưỡng;5;1;4;0;5;NORMAL;;;;10.858223;106.612071;Hộ dân cư trú ổn định, chấp hành nghiêm quy định pháp luật và an ninh trật tự.;2026-09-15;Đại úy Nguyễn Văn Bình
26;HK-BL-026;44;Đường Bà Điểm 6;Ấp Bắc Lân;Tổ 2;Mặt tiền đường;Lý Đức An;0895720967;RESIDENTIAL;;;6;3;3;1;5;NORMAL;;;;10.857001;106.612648;Hộ dân cư trú ổn định, chấp hành nghiêm quy định pháp luật và an ninh trật tự.;2026-09-13;Đại úy Nguyễn Văn Bình
27;HK-BL-027;113/18;Đường Bà Điểm 6;Ấp Bắc Lân;Tổ 3;Hẻm 113;Dương Hữu Tùng;0864370299;BUSINESS;Sửa xe Tùng;Sửa chữa cơ khí;2;1;1;1;1;WARNING;Cần gia hạn chứng nhận thẩm duyệt PCCC cơ sở;2027-12-31;Đăng ký kinh doanh cá thể;10.860285;106.615133;Cơ sở kinh doanh mặt tiền đường, đã ký cam kết đảm bảo an toàn PCCC và ANTT.;2026-09-17;Đại úy Nguyễn Văn Bình
28;HK-BL-028;19/5;Đường Nguyễn Ảnh Thủ;Ấp Bắc Lân;Tổ 4;Hẻm 19;Đặng Hồng Hương;0939286022;RESIDENTIAL;;;5;3;2;2;3;NORMAL;;;;10.858712;106.610977;Hộ dân cư trú ổn định, chấp hành nghiêm quy định pháp luật và an ninh trật tự.;2026-09-17;Đại úy Nguyễn Văn Bình
29;HK-BL-029;174/18;Đường Bà Điểm 4;Ấp Bắc Lân;Tổ 5;Hẻm 174;Vũ Hoàng Thành;0931969340;BOARDING_HOUSE;Nhà trọ Thanh Bình (12 phòng);Cho thuê lưu trú / Nhà trọ;5;1;4;1;4;NORMAL;;2026-12-31;Cam kết đảm bảo ANTT lưu trú;10.861164;106.612165;Nhà trọ người lao động, định kỳ kiểm tra sổ khai báo lưu trú qua Cổng VNeID.;2026-09-01;Đại úy Nguyễn Văn Bình
30;HK-BL-030;40;Đường Nguyễn Ảnh Thủ;Ấp Bắc Lân;Tổ 6;Mặt tiền đường;Hoàng Hữu Minh;0904253554;BUSINESS;Sửa xe Minh;Sửa chữa cơ khí;4;2;2;3;1;NORMAL;;2027-12-31;Đăng ký kinh doanh cá thể;10.861512;106.611133;Cơ sở kinh doanh mặt tiền đường, đã ký cam kết đảm bảo an toàn PCCC và ANTT.;2026-09-14;Đại úy Nguyễn Văn Bình
31;HK-BL-031;48/14;Đường Phan Văn Hớn;Ấp Bắc Lân;Tổ 7;Hẻm 48;Lý Văn Đức;0907759915;BOARDING_HOUSE;Dãy trọ Hai Lúa (14 phòng);Cho thuê lưu trú / Nhà trọ;2;1;1;0;2;WARNING;Có nhân khẩu tạm trú mới chưa nộp tờ khai định danh;2026-12-31;Cam kết đảm bảo ANTT lưu trú;10.860736;106.615083;Nhà trọ người lao động, định kỳ kiểm tra sổ khai báo lưu trú qua Cổng VNeID.;2026-09-15;Đại úy Nguyễn Văn Bình
32;HK-BL-032;99/7;Đường Phan Văn Hớn;Ấp Bắc Lân;Tổ 8;Hẻm 99;Phạm Văn Thắng;0934482163;RESIDENTIAL;;;4;1;3;0;4;NORMAL;;;;10.861542;106.612939;Hộ dân cư trú ổn định, chấp hành nghiêm quy định pháp luật và an ninh trật tự.;2026-09-24;Đại úy Nguyễn Văn Bình
33;HK-BL-033;4;Đường Nguyễn Ảnh Thủ;Ấp Bắc Lân;Tổ 1;Mặt tiền đường;Nguyễn Xuân An;0863630213;BUSINESS;Salon tóc An;Dịch vụ cá nhân;6;3;3;1;5;NORMAL;;2027-12-31;Đăng ký kinh doanh cá thể;10.863291;106.613440;Cơ sở kinh doanh mặt tiền đường, đã ký cam kết đảm bảo an toàn PCCC và ANTT.;2026-09-02;Đại úy Nguyễn Văn Bình
34;HK-BL-034;40;Đường Bà Điểm 6;Ấp Bắc Lân;Tổ 2;Mặt tiền đường;Lê Xuân Dũng;0908223009;RESIDENTIAL;;;3;2;1;1;2;NORMAL;;;;10.860662;106.612998;Hộ dân cư trú ổn định, chấp hành nghiêm quy định pháp luật và an ninh trật tự.;2026-09-05;Đại úy Nguyễn Văn Bình
35;HK-BL-035;76;Đường Bà Điểm 6;Ấp Bắc Lân;Tổ 3;Mặt tiền đường;Lê Xuân Vinh;0973590361;RESIDENTIAL;;;2;1;1;1;1;NORMAL;;;;10.860296;106.610071;Hộ dân cư trú ổn định, chấp hành nghiêm quy định pháp luật và an ninh trật tự.;2026-09-22;Đại úy Nguyễn Văn Bình
36;HK-BL-036;218;Đường Nguyễn Ảnh Thủ;Ấp Bắc Lân;Tổ 4;Mặt tiền đường;Nguyễn Minh Minh;0897097808;RESIDENTIAL;;;3;2;1;1;2;NORMAL;;;;10.863684;106.612877;Hộ dân cư trú ổn định, chấp hành nghiêm quy định pháp luật và an ninh trật tự.;2026-09-25;Đại úy Nguyễn Văn Bình
37;HK-BL-037;116/19;Đường Phan Văn Hớn;Ấp Bắc Lân;Tổ 5;Hẻm 116;Nguyễn Trọng Cường;0862830558;BUSINESS;Tạp hóa Cường;Tạp hóa gia đình;3;1;2;1;2;NORMAL;;2027-12-31;Đăng ký kinh doanh cá thể;10.863240;106.615081;Cơ sở kinh doanh mặt tiền đường, đã ký cam kết đảm bảo an toàn PCCC và ANTT.;2026-09-11;Đại úy Nguyễn Văn Bình
38;HK-BL-038;109/3;Đường Phan Văn Hớn;Ấp Bắc Lân;Tổ 6;Hẻm 109;Bùi Như Nga;0886430070;RESIDENTIAL;;;5;3;2;0;5;NORMAL;;;;10.859950;106.613004;Hộ dân cư trú ổn định, chấp hành nghiêm quy định pháp luật và an ninh trật tự.;2026-09-20;Đại úy Nguyễn Văn Bình
39;HK-BL-039;94;Đường Bà Điểm 4;Ấp Bắc Lân;Tổ 7;Mặt tiền đường;Hoàng Hoàng Hùng;0892048669;BOARDING_HOUSE;Nhà trọ Minh Tâm (10 phòng);Cho thuê lưu trú / Nhà trọ;6;4;2;1;5;NORMAL;;2026-12-31;Cam kết đảm bảo ANTT lưu trú;10.863320;106.610275;Nhà trọ người lao động, định kỳ kiểm tra sổ khai báo lưu trú qua Cổng VNeID.;2026-09-17;Đại úy Nguyễn Văn Bình
40;HK-BL-040;61/2;Đường Bà Điểm 4;Ấp Bắc Lân;Tổ 8;Hẻm 61;Vũ Đức Phúc;0888679095;RESIDENTIAL;;;5;3;2;0;5;NORMAL;;;;10.862815;106.608546;Hộ dân cư trú ổn định, chấp hành nghiêm quy định pháp luật và an ninh trật tự.;2026-09-24;Đại úy Nguyễn Văn Bình
41;HK-BL-041;16;Đường Bà Điểm 6;Ấp Bắc Lân;Tổ 1;Mặt tiền đường;Nguyễn Xuân An;0863217158;RESIDENTIAL;;;5;3;2;1;4;NORMAL;;;;10.857795;106.612179;Hộ dân cư trú ổn định, chấp hành nghiêm quy định pháp luật và an ninh trật tự.;2026-09-04;Đại úy Nguyễn Văn Bình
42;HK-BL-042;70;Đường Nguyễn Ảnh Thủ;Ấp Bắc Lân;Tổ 2;Mặt tiền đường;Huỳnh Minh Tài;0903824369;RESIDENTIAL;;;4;3;1;1;3;NORMAL;;;;10.860648;106.613795;Hộ dân cư trú ổn định, chấp hành nghiêm quy định pháp luật và an ninh trật tự.;2026-09-07;Đại úy Nguyễn Văn Bình
43;HK-BL-043;229;Đường Phan Văn Hớn;Ấp Bắc Lân;Tổ 3;Mặt tiền đường;Trần Quốc Tùng;0887300622;RESIDENTIAL;;;5;2;3;2;3;NORMAL;;;;10.857029;106.612300;Hộ dân cư trú ổn định, chấp hành nghiêm quy định pháp luật và an ninh trật tự.;2026-09-13;Đại úy Nguyễn Văn Bình
44;HK-BL-044;170/2;Đường Bà Điểm 4;Ấp Bắc Lân;Tổ 4;Hẻm 170;Dương Minh Hải;0919516213;RESIDENTIAL;;;6;3;3;0;6;NORMAL;;;;10.860416;106.612434;Hộ dân cư trú ổn định, chấp hành nghiêm quy định pháp luật và an ninh trật tự.;2026-09-26;Đại úy Nguyễn Văn Bình
45;HK-BL-045;168;Đường Bà Điểm 4;Ấp Bắc Lân;Tổ 5;Mặt tiền đường;Võ Bích Phương;0899219362;BUSINESS;Quán cơm Phương;Dịch vụ ăn uống;6;3;3;2;4;WARNING;Cần gia hạn chứng nhận thẩm duyệt PCCC cơ sở;2027-12-31;Đăng ký kinh doanh cá thể;10.862225;106.615288;Cơ sở kinh doanh mặt tiền đường, đã ký cam kết đảm bảo an toàn PCCC và ANTT.;2026-09-25;Đại úy Nguyễn Văn Bình
46;HK-BL-046;158;Đường Nguyễn Ảnh Thủ;Ấp Bắc Lân;Tổ 6;Mặt tiền đường;Hoàng Thị Mai Thu;0903119311;RESIDENTIAL;;;2;1;1;0;2;NORMAL;;;;10.857384;106.610423;Hộ dân cư trú ổn định, chấp hành nghiêm quy định pháp luật và an ninh trật tự.;2026-09-23;Đại úy Nguyễn Văn Bình
47;HK-BL-047;189;Đường Phan Văn Hớn;Ấp Bắc Lân;Tổ 7;Mặt tiền đường;Huỳnh Xuân Cường;0862308066;RESIDENTIAL;;;3;2;1;0;3;NORMAL;;;;10.861461;106.612575;Hộ dân cư trú ổn định, chấp hành nghiêm quy định pháp luật và an ninh trật tự.;2026-09-02;Đại úy Nguyễn Văn Bình
48;HK-BL-048;76/15;Đường Bà Điểm 6;Ấp Bắc Lân;Tổ 8;Hẻm 76;Đặng Phương Linh;0982115512;RESIDENTIAL;;;3;2;1;0;3;NORMAL;;;;10.859175;106.614231;Hộ dân cư trú ổn định, chấp hành nghiêm quy định pháp luật và an ninh trật tự.;2026-09-01;Đại úy Nguyễn Văn Bình
49;HK-BL-049;141;Đường Nguyễn Ảnh Thủ;Ấp Bắc Lân;Tổ 1;Mặt tiền đường;Lê Kim Anh;0869774986;RESIDENTIAL;;;4;2;2;1;3;NORMAL;;;;10.862973;106.615437;Hộ dân cư trú ổn định, chấp hành nghiêm quy định pháp luật và an ninh trật tự.;2026-09-18;Đại úy Nguyễn Văn Bình
50;HK-BL-050;80/9;Đường Nguyễn Ảnh Thủ;Ấp Bắc Lân;Tổ 2;Hẻm 80;Phan Đình Đức;0866938816;RESIDENTIAL;;;5;1;4;1;4;NORMAL;;;;10.859633;106.612713;Hộ dân cư trú ổn định, chấp hành nghiêm quy định pháp luật và an ninh trật tự.;2026-09-03;Đại úy Nguyễn Văn Bình
51;HK-BL-051;91;Đường Bà Điểm 6;Ấp Bắc Lân;Tổ 3;Mặt tiền đường;Dương Hoàng Quân;0888538258;RESIDENTIAL;;;2;1;1;0;2;NORMAL;;;;10.863039;106.608420;Hộ dân cư trú ổn định, chấp hành nghiêm quy định pháp luật và an ninh trật tự.;2026-09-09;Đại úy Nguyễn Văn Bình
52;HK-BL-052;56/22;Đường Nguyễn Ảnh Thủ;Ấp Bắc Lân;Tổ 4;Hẻm 56;Phạm Thị Nga;0886889288;RESIDENTIAL;;;4;2;2;1;3;NORMAL;;;;10.862758;106.609975;Hộ dân cư trú ổn định, chấp hành nghiêm quy định pháp luật và an ninh trật tự.;2026-09-14;Đại úy Nguyễn Văn Bình
53;HK-BL-053;78;Đường Nguyễn Ảnh Thủ;Ấp Bắc Lân;Tổ 5;Mặt tiền đường;Lý Minh Tài;0882999239;RESIDENTIAL;;;6;3;3;2;4;NORMAL;;;;10.862395;106.607697;Hộ dân cư trú ổn định, chấp hành nghiêm quy định pháp luật và an ninh trật tự.;2026-09-14;Đại úy Nguyễn Văn Bình
54;HK-BL-054;170;Đường Bà Điểm 4;Ấp Bắc Lân;Tổ 6;Mặt tiền đường;Vũ Thị Mai Phương;0862767819;RESIDENTIAL;;;5;2;3;0;5;NORMAL;;;;10.858321;106.612206;Hộ dân cư trú ổn định, chấp hành nghiêm quy định pháp luật và an ninh trật tự.;2026-09-08;Đại úy Nguyễn Văn Bình
55;HK-BL-055;231;Đường Nguyễn Ảnh Thủ;Ấp Bắc Lân;Tổ 7;Mặt tiền đường;Ngô Quốc Hiếu;0912718767;RESIDENTIAL;;;3;2;1;0;3;NORMAL;;;;10.858343;106.610621;Hộ dân cư trú ổn định, chấp hành nghiêm quy định pháp luật và an ninh trật tự.;2026-09-16;Đại úy Nguyễn Văn Bình
56;HK-BL-056;11;Đường Nguyễn Ảnh Thủ;Ấp Bắc Lân;Tổ 8;Mặt tiền đường;Đặng Thanh Thảo;0863154849;BUSINESS;Cơ sở may Thảo;Dệt may tiểu thủ công;4;1;3;0;4;NORMAL;;2027-12-31;Đăng ký kinh doanh cá thể;10.858126;106.611559;Cơ sở kinh doanh mặt tiền đường, đã ký cam kết đảm bảo an toàn PCCC và ANTT.;2026-09-20;Đại úy Nguyễn Văn Bình
57;HK-BL-057;9/24;Đường Bà Điểm 4;Ấp Bắc Lân;Tổ 1;Hẻm 9;Hồ Minh Sơn;0914111565;RESIDENTIAL;;;5;2;3;1;4;NORMAL;;;;10.857944;106.613653;Hộ dân cư trú ổn định, chấp hành nghiêm quy định pháp luật và an ninh trật tự.;2026-09-12;Đại úy Nguyễn Văn Bình
58;HK-BL-058;9;Đường Nguyễn Ảnh Thủ;Ấp Bắc Lân;Tổ 2;Mặt tiền đường;Đặng Thanh Thịnh;0916030250;RESIDENTIAL;;;3;1;2;0;3;NORMAL;;;;10.857170;106.614540;Hộ dân cư trú ổn định, chấp hành nghiêm quy định pháp luật và an ninh trật tự.;2026-09-14;Đại úy Nguyễn Văn Bình
59;HK-BL-059;62/3;Đường Bà Điểm 4;Ấp Bắc Lân;Tổ 3;Hẻm 62;Bùi Đình Thịnh;0905345435;RESIDENTIAL;;;3;2;1;1;2;NORMAL;;;;10.861477;106.610056;Hộ dân cư trú ổn định, chấp hành nghiêm quy định pháp luật và an ninh trật tự.;2026-09-21;Đại úy Nguyễn Văn Bình
60;HK-BL-060;76;Đường Bà Điểm 6;Ấp Bắc Lân;Tổ 4;Mặt tiền đường;Trần Đức Tuấn;0931214676;BOARDING_HOUSE;Nhà trọ Thanh Bình (12 phòng);Cho thuê lưu trú / Nhà trọ;2;1;1;0;2;NORMAL;;2026-12-31;Cam kết đảm bảo ANTT lưu trú;10.860276;106.614049;Nhà trọ người lao động, định kỳ kiểm tra sổ khai báo lưu trú qua Cổng VNeID.;2026-09-18;Đại úy Nguyễn Văn Bình
61;HK-NL-001;23/4;Đường Quốc Lộ 1A;Ấp Nam Lân;Tổ 1;Hẻm 23;Dương Bích Quỳnh;0866027326;BUSINESS;Sửa xe Quỳnh;Sửa chữa cơ khí;6;2;4;1;5;NORMAL;;2027-12-31;Đăng ký kinh doanh cá thể;10.851869;106.612509;Cơ sở kinh doanh mặt tiền đường, đã ký cam kết đảm bảo an toàn PCCC và ANTT.;2026-09-15;Thượng úy Lê Hoàng Nam
62;HK-NL-002;160/19;Đường Phan Văn Hớn;Ấp Nam Lân;Tổ 2;Hẻm 160;Phạm Đức Nam;0866047468;RESIDENTIAL;;;4;1;3;0;4;NORMAL;;;;10.849982;106.613308;Hộ dân cư trú ổn định, chấp hành nghiêm quy định pháp luật và an ninh trật tự.;2026-09-19;Thượng úy Lê Hoàng Nam
63;HK-NL-003;52;Đường Bà Điểm 12;Ấp Nam Lân;Tổ 3;Mặt tiền đường;Hồ Bích Chi;0919283650;RESIDENTIAL;;;3;1;2;1;2;NORMAL;;;;10.851571;106.611961;Hộ dân cư trú ổn định, chấp hành nghiêm quy định pháp luật và an ninh trật tự.;2026-09-09;Thượng úy Lê Hoàng Nam
64;HK-NL-004;68/24;Đường Bà Điểm 12;Ấp Nam Lân;Tổ 4;Hẻm 68;Hoàng Đình Quân;0935605881;RESIDENTIAL;;;3;2;1;0;3;NORMAL;;;;10.845784;106.612694;Hộ dân cư trú ổn định, chấp hành nghiêm quy định pháp luật và an ninh trật tự.;2026-09-05;Thượng úy Lê Hoàng Nam
65;HK-NL-005;17/2;Đường Quốc Lộ 1A;Ấp Nam Lân;Tổ 5;Hẻm 17;Phạm Thanh Hạnh;0903321751;RESIDENTIAL;;;6;4;2;2;4;NORMAL;;;;10.847741;106.608408;Hộ dân cư trú ổn định, chấp hành nghiêm quy định pháp luật và an ninh trật tự.;2026-09-10;Thượng úy Lê Hoàng Nam
66;HK-NL-006;97/21;Đường Hưng Lân;Ấp Nam Lân;Tổ 6;Hẻm 97;Vũ Hữu Thắng;0902625948;RESIDENTIAL;;;4;1;3;1;3;NORMAL;;;;10.851598;106.609394;Hộ dân cư trú ổn định, chấp hành nghiêm quy định pháp luật và an ninh trật tự.;2026-09-02;Thượng úy Lê Hoàng Nam
67;HK-NL-007;8;Đường Quốc Lộ 1A;Ấp Nam Lân;Tổ 7;Mặt tiền đường;Huỳnh Bích Bích;0902048032;RESIDENTIAL;;;6;3;3;4;2;WARNING;Nhân khẩu vắng mặt tại nơi cư trú quá 12 tháng;;;10.847979;106.612427;CSKV đã lập biên bản nhắc nhở: Nhân khẩu vắng mặt tại nơi cư trú quá 12 tháng.;2026-09-05;Thượng úy Lê Hoàng Nam
68;HK-NL-008;179;Đường Quốc Lộ 1A;Ấp Nam Lân;Tổ 8;Mặt tiền đường;Lê Xuân Minh;0913521467;RESIDENTIAL;;;3;1;2;1;2;NORMAL;;;;10.849353;106.608616;Hộ dân cư trú ổn định, chấp hành nghiêm quy định pháp luật và an ninh trật tự.;2026-09-23;Thượng úy Lê Hoàng Nam
69;HK-NL-009;216;Đường Bà Điểm 12;Ấp Nam Lân;Tổ 1;Mặt tiền đường;Lý Thanh Hà;0936992626;RESIDENTIAL;;;6;3;3;3;3;NORMAL;;;;10.852144;106.612675;Hộ dân cư trú ổn định, chấp hành nghiêm quy định pháp luật và an ninh trật tự.;2026-09-24;Thượng úy Lê Hoàng Nam
70;HK-NL-010;82/24;Đường Bà Điểm 12;Ấp Nam Lân;Tổ 2;Hẻm 82;Phan Trọng Long;0989141421;RESIDENTIAL;;;6;4;2;2;4;WARNING;Nhân khẩu vắng mặt tại nơi cư trú quá 12 tháng;;;10.847513;106.608244;CSKV đã lập biên bản nhắc nhở: Nhân khẩu vắng mặt tại nơi cư trú quá 12 tháng.;2026-09-02;Thượng úy Lê Hoàng Nam
71;HK-NL-011;202;Đường Phan Văn Hớn;Ấp Nam Lân;Tổ 3;Mặt tiền đường;Nguyễn Phương Hoa;0978596637;RESIDENTIAL;;;3;1;2;0;3;WARNING;Nhân khẩu vắng mặt tại nơi cư trú quá 12 tháng;;;10.846927;106.608621;CSKV đã lập biên bản nhắc nhở: Nhân khẩu vắng mặt tại nơi cư trú quá 12 tháng.;2026-09-12;Thượng úy Lê Hoàng Nam
72;HK-NL-012;49;Đường Bà Điểm 12;Ấp Nam Lân;Tổ 4;Mặt tiền đường;Ngô Văn Nam;0978805552;BUSINESS;Nhà thuốc Nam;Y tế tư nhân;3;2;1;1;2;NORMAL;;2027-12-31;Đăng ký kinh doanh cá thể;10.847018;106.613267;Cơ sở kinh doanh mặt tiền đường, đã ký cam kết đảm bảo an toàn PCCC và ANTT.;2026-09-09;Thượng úy Lê Hoàng Nam
73;HK-NL-013;219;Đường Bà Điểm 12;Ấp Nam Lân;Tổ 5;Mặt tiền đường;Đỗ Trọng Nghĩa;0934222594;RESIDENTIAL;;;3;1;2;0;3;WARNING;Nhân khẩu vắng mặt tại nơi cư trú quá 12 tháng;;;10.849331;106.613850;CSKV đã lập biên bản nhắc nhở: Nhân khẩu vắng mặt tại nơi cư trú quá 12 tháng.;2026-09-10;Thượng úy Lê Hoàng Nam
74;HK-NL-014;25/16;Đường Hưng Lân;Ấp Nam Lân;Tổ 6;Hẻm 25;Trần Trọng An;0935262520;RESIDENTIAL;;;3;1;2;1;2;NORMAL;;;;10.849082;106.614715;Hộ dân cư trú ổn định, chấp hành nghiêm quy định pháp luật và an ninh trật tự.;2026-09-16;Thượng úy Lê Hoàng Nam
75;HK-NL-015;130/12;Đường Bà Điểm 12;Ấp Nam Lân;Tổ 7;Hẻm 130;Hồ Quốc Tùng;0864772621;BUSINESS;Quán cơm Tùng;Dịch vụ ăn uống;6;2;4;1;5;NORMAL;;2027-12-31;Đăng ký kinh doanh cá thể;10.851956;106.609866;Cơ sở kinh doanh mặt tiền đường, đã ký cam kết đảm bảo an toàn PCCC và ANTT.;2026-09-26;Thượng úy Lê Hoàng Nam
76;HK-NL-016;115/4;Đường Bà Điểm 12;Ấp Nam Lân;Tổ 8;Hẻm 115;Hoàng Trọng An;0982430860;RESIDENTIAL;;;4;1;3;1;3;NORMAL;;;;10.847540;106.612483;Hộ dân cư trú ổn định, chấp hành nghiêm quy định pháp luật và an ninh trật tự.;2026-09-20;Thượng úy Lê Hoàng Nam
77;HK-NL-017;165/20;Đường Quốc Lộ 1A;Ấp Nam Lân;Tổ 1;Hẻm 165;Võ Xuân Sơn;0914653147;RELIGIOUS;Tịnh thất Bửu Quang;Tôn giáo / Tín ngưỡng;4;1;3;1;3;NORMAL;;;;10.851489;106.613642;Hộ dân cư trú ổn định, chấp hành nghiêm quy định pháp luật và an ninh trật tự.;2026-09-04;Thượng úy Lê Hoàng Nam
78;HK-NL-018;169/6;Đường Bà Điểm 12;Ấp Nam Lân;Tổ 2;Hẻm 169;Lê Hoàng Minh;0971263934;BUSINESS;Cơ sở may Minh;Dệt may tiểu thủ công;5;4;1;1;4;NORMAL;;2027-12-31;Đăng ký kinh doanh cá thể;10.850237;106.615417;Cơ sở kinh doanh mặt tiền đường, đã ký cam kết đảm bảo an toàn PCCC và ANTT.;2026-09-14;Thượng úy Lê Hoàng Nam
79;HK-NL-019;215;Đường Hưng Lân;Ấp Nam Lân;Tổ 3;Mặt tiền đường;Bùi Hữu Tùng;0974470276;RESIDENTIAL;;;3;2;1;1;2;NORMAL;;;;10.846526;106.611723;Hộ dân cư trú ổn định, chấp hành nghiêm quy định pháp luật và an ninh trật tự.;2026-09-12;Thượng úy Lê Hoàng Nam
80;HK-NL-020;192;Đường Phan Văn Hớn;Ấp Nam Lân;Tổ 4;Mặt tiền đường;Dương Đức Tùng;0978162978;RELIGIOUS;Miếu Bà Ngũ Hành Bà Điểm;Tôn giáo / Tín ngưỡng;5;3;2;3;2;NORMAL;;;;10.850714;106.615400;Hộ dân cư trú ổn định, chấp hành nghiêm quy định pháp luật và an ninh trật tự.;2026-09-08;Thượng úy Lê Hoàng Nam
81;HK-NL-021;75;Đường Phan Văn Hớn;Ấp Nam Lân;Tổ 5;Mặt tiền đường;Lý Đình Long;0863564911;RESIDENTIAL;;;2;1;1;0;2;NORMAL;;;;10.846330;106.609053;Hộ dân cư trú ổn định, chấp hành nghiêm quy định pháp luật và an ninh trật tự.;2026-09-10;Thượng úy Lê Hoàng Nam
82;HK-NL-022;236;Đường Phan Văn Hớn;Ấp Nam Lân;Tổ 6;Mặt tiền đường;Vũ Minh Huy;0976734722;RESIDENTIAL;;;2;1;1;0;2;NORMAL;;;;10.851909;106.608807;Hộ dân cư trú ổn định, chấp hành nghiêm quy định pháp luật và an ninh trật tự.;2026-09-13;Thượng úy Lê Hoàng Nam
83;HK-NL-023;33/25;Đường Quốc Lộ 1A;Ấp Nam Lân;Tổ 7;Hẻm 33;Hoàng Ngọc Dung;0918011399;RESIDENTIAL;;;4;3;1;1;3;NORMAL;;;;10.851653;106.615484;Hộ dân cư trú ổn định, chấp hành nghiêm quy định pháp luật và an ninh trật tự.;2026-09-12;Thượng úy Lê Hoàng Nam
84;HK-NL-024;14/13;Đường Bà Điểm 12;Ấp Nam Lân;Tổ 8;Hẻm 14;Đỗ Văn An;0869954895;BUSINESS;Cà phê An;Giải khát;5;3;2;1;4;NORMAL;;2027-12-31;Đăng ký kinh doanh cá thể;10.847769;106.614502;Cơ sở kinh doanh mặt tiền đường, đã ký cam kết đảm bảo an toàn PCCC và ANTT.;2026-09-15;Thượng úy Lê Hoàng Nam
85;HK-NL-025;173/24;Đường Hưng Lân;Ấp Nam Lân;Tổ 1;Hẻm 173;Ngô Thị Bích;0915704864;RESIDENTIAL;;;5;3;2;1;4;NORMAL;;;;10.847970;106.611138;Hộ dân cư trú ổn định, chấp hành nghiêm quy định pháp luật và an ninh trật tự.;2026-09-26;Thượng úy Lê Hoàng Nam
86;HK-NL-026;236;Đường Bà Điểm 12;Ấp Nam Lân;Tổ 2;Mặt tiền đường;Trần Trọng Khoa;0915794403;RESIDENTIAL;;;3;2;1;0;3;NORMAL;;;;10.849516;106.612847;Hộ dân cư trú ổn định, chấp hành nghiêm quy định pháp luật và an ninh trật tự.;2026-09-16;Thượng úy Lê Hoàng Nam
87;HK-NL-027;211;Đường Quốc Lộ 1A;Ấp Nam Lân;Tổ 3;Mặt tiền đường;Phạm Thị Mai Anh;0896435257;BUSINESS;Salon tóc Anh;Dịch vụ cá nhân;2;1;1;1;1;NORMAL;;2027-12-31;Đăng ký kinh doanh cá thể;10.852495;106.613475;Cơ sở kinh doanh mặt tiền đường, đã ký cam kết đảm bảo an toàn PCCC và ANTT.;2026-09-11;Thượng úy Lê Hoàng Nam
88;HK-NL-028;131;Đường Phan Văn Hớn;Ấp Nam Lân;Tổ 4;Mặt tiền đường;Đặng Kim Hạnh;0909049357;RESIDENTIAL;;;6;2;4;3;3;NORMAL;;;;10.846127;106.609971;Hộ dân cư trú ổn định, chấp hành nghiêm quy định pháp luật và an ninh trật tự.;2026-09-24;Thượng úy Lê Hoàng Nam
89;HK-NL-029;175;Đường Hưng Lân;Ấp Nam Lân;Tổ 5;Mặt tiền đường;Ngô Thùy Chi;0892362934;RESIDENTIAL;;;3;1;2;1;2;NORMAL;;;;10.849407;106.615317;Hộ dân cư trú ổn định, chấp hành nghiêm quy định pháp luật và an ninh trật tự.;2026-09-16;Thượng úy Lê Hoàng Nam
90;HK-NL-030;75/22;Đường Phan Văn Hớn;Ấp Nam Lân;Tổ 6;Hẻm 75;Dương Hồng Linh;0905820309;RESIDENTIAL;;;3;2;1;0;3;NORMAL;;;;10.849818;106.615625;Hộ dân cư trú ổn định, chấp hành nghiêm quy định pháp luật và an ninh trật tự.;2026-09-10;Thượng úy Lê Hoàng Nam
91;HK-NL-031;28/5;Đường Quốc Lộ 1A;Ấp Nam Lân;Tổ 7;Hẻm 28;Lê Thanh Vinh;0971079322;RESIDENTIAL;;;6;2;4;1;5;NORMAL;;;;10.849644;106.615113;Hộ dân cư trú ổn định, chấp hành nghiêm quy định pháp luật và an ninh trật tự.;2026-09-14;Thượng úy Lê Hoàng Nam
92;HK-NL-032;52;Đường Hưng Lân;Ấp Nam Lân;Tổ 8;Mặt tiền đường;Đỗ Văn Đức;0891668744;RELIGIOUS;Tịnh thất Bửu Quang;Tôn giáo / Tín ngưỡng;6;5;1;1;5;NORMAL;;;;10.848328;106.611481;Hộ dân cư trú ổn định, chấp hành nghiêm quy định pháp luật và an ninh trật tự.;2026-09-20;Thượng úy Lê Hoàng Nam
93;HK-NL-033;67;Đường Hưng Lân;Ấp Nam Lân;Tổ 1;Mặt tiền đường;Võ Thị Oanh;0902972723;RESIDENTIAL;;;4;2;2;2;2;NORMAL;;;;10.845781;106.614601;Hộ dân cư trú ổn định, chấp hành nghiêm quy định pháp luật và an ninh trật tự.;2026-09-10;Thượng úy Lê Hoàng Nam
94;HK-NL-034;141/18;Đường Quốc Lộ 1A;Ấp Nam Lân;Tổ 2;Hẻm 141;Hồ Hữu Thắng;0908919472;RESIDENTIAL;;;4;2;2;1;3;NORMAL;;;;10.845552;106.610914;Hộ dân cư trú ổn định, chấp hành nghiêm quy định pháp luật và an ninh trật tự.;2026-09-10;Thượng úy Lê Hoàng Nam
95;HK-NL-035;236;Đường Hưng Lân;Ấp Nam Lân;Tổ 3;Mặt tiền đường;Ngô Hữu Tài;0893592785;RESIDENTIAL;;;4;2;2;0;4;NORMAL;;;;10.850536;106.609027;Hộ dân cư trú ổn định, chấp hành nghiêm quy định pháp luật và an ninh trật tự.;2026-09-10;Thượng úy Lê Hoàng Nam
96;HK-NL-036;145/24;Đường Phan Văn Hớn;Ấp Nam Lân;Tổ 4;Hẻm 145;Ngô Hoàng Tuấn;0983534984;BOARDING_HOUSE;Nhà trọ Thanh Bình (12 phòng);Cho thuê lưu trú / Nhà trọ;3;2;1;2;1;NORMAL;;2026-12-31;Cam kết đảm bảo ANTT lưu trú;10.851463;106.611095;Nhà trọ người lao động, định kỳ kiểm tra sổ khai báo lưu trú qua Cổng VNeID.;2026-09-13;Thượng úy Lê Hoàng Nam
97;HK-NL-037;147;Đường Bà Điểm 12;Ấp Nam Lân;Tổ 5;Mặt tiền đường;Lê Quốc Bình;0914695161;RESIDENTIAL;;;4;3;1;1;3;NORMAL;;;;10.849301;106.614759;Hộ dân cư trú ổn định, chấp hành nghiêm quy định pháp luật và an ninh trật tự.;2026-09-18;Thượng úy Lê Hoàng Nam
98;HK-NL-038;157;Đường Hưng Lân;Ấp Nam Lân;Tổ 6;Mặt tiền đường;Huỳnh Hoàng Dũng;0912557512;BUSINESS;Nhà thuốc Dũng;Y tế tư nhân;6;2;4;2;4;NORMAL;;2027-12-31;Đăng ký kinh doanh cá thể;10.847823;106.608003;Cơ sở kinh doanh mặt tiền đường, đã ký cam kết đảm bảo an toàn PCCC và ANTT.;2026-09-09;Thượng úy Lê Hoàng Nam
99;HK-NL-039;171/4;Đường Phan Văn Hớn;Ấp Nam Lân;Tổ 7;Hẻm 171;Trần Hoàng Vinh;0866921064;RESIDENTIAL;;;2;1;1;0;2;NORMAL;;;;10.849417;106.612931;Hộ dân cư trú ổn định, chấp hành nghiêm quy định pháp luật và an ninh trật tự.;2026-09-09;Thượng úy Lê Hoàng Nam
100;HK-NL-040;73/9;Đường Quốc Lộ 1A;Ấp Nam Lân;Tổ 8;Hẻm 73;Lê Đức Khoa;0931239054;BOARDING_HOUSE;Nhà trọ Thanh Bình (12 phòng);Cho thuê lưu trú / Nhà trọ;6;3;3;0;6;NORMAL;;2026-12-31;Cam kết đảm bảo ANTT lưu trú;10.849885;106.611478;Nhà trọ người lao động, định kỳ kiểm tra sổ khai báo lưu trú qua Cổng VNeID.;2026-09-04;Thượng úy Lê Hoàng Nam
101;HK-NL-041;23/19;Đường Hưng Lân;Ấp Nam Lân;Tổ 1;Hẻm 23;Bùi Hồng Thảo;0917547292;BUSINESS;Quán cơm Thảo;Dịch vụ ăn uống;4;2;2;1;3;NORMAL;;2027-12-31;Đăng ký kinh doanh cá thể;10.848077;106.608201;Cơ sở kinh doanh mặt tiền đường, đã ký cam kết đảm bảo an toàn PCCC và ANTT.;2026-09-22;Thượng úy Lê Hoàng Nam
102;HK-NL-042;21/23;Đường Phan Văn Hớn;Ấp Nam Lân;Tổ 2;Hẻm 21;Huỳnh Hồng Thảo;0971255397;BUSINESS;Tạp hóa Thảo;Tạp hóa gia đình;2;1;1;1;1;NORMAL;;2027-12-31;Đăng ký kinh doanh cá thể;10.849924;106.608128;Cơ sở kinh doanh mặt tiền đường, đã ký cam kết đảm bảo an toàn PCCC và ANTT.;2026-09-10;Thượng úy Lê Hoàng Nam
103;HK-NL-043;166/18;Đường Hưng Lân;Ấp Nam Lân;Tổ 3;Hẻm 166;Trần Hồng Hoa;0988499514;RESIDENTIAL;;;5;2;3;2;3;NORMAL;;;;10.847939;106.608928;Hộ dân cư trú ổn định, chấp hành nghiêm quy định pháp luật và an ninh trật tự.;2026-09-22;Thượng úy Lê Hoàng Nam
104;HK-NL-044;198;Đường Bà Điểm 12;Ấp Nam Lân;Tổ 4;Mặt tiền đường;Bùi Thị Mai My;0971484119;BUSINESS;Cơ sở may My;Dệt may tiểu thủ công;2;1;1;0;2;NORMAL;;2027-12-31;Đăng ký kinh doanh cá thể;10.846058;106.614244;Cơ sở kinh doanh mặt tiền đường, đã ký cam kết đảm bảo an toàn PCCC và ANTT.;2026-09-16;Thượng úy Lê Hoàng Nam
105;HK-NL-045;194;Đường Bà Điểm 12;Ấp Nam Lân;Tổ 5;Mặt tiền đường;Hồ Quốc Tùng;0986162726;RESIDENTIAL;;;3;1;2;1;2;NORMAL;;;;10.847626;106.613450;Hộ dân cư trú ổn định, chấp hành nghiêm quy định pháp luật và an ninh trật tự.;2026-09-08;Thượng úy Lê Hoàng Nam
106;HK-NL-046;1;Đường Hưng Lân;Ấp Nam Lân;Tổ 6;Mặt tiền đường;Phan Thanh Bình;0979222183;RESIDENTIAL;;;4;2;2;0;4;NORMAL;;;;10.846631;106.615966;Hộ dân cư trú ổn định, chấp hành nghiêm quy định pháp luật và an ninh trật tự.;2026-09-23;Thượng úy Lê Hoàng Nam
107;HK-NL-047;106;Đường Quốc Lộ 1A;Ấp Nam Lân;Tổ 7;Mặt tiền đường;Huỳnh Minh An;0931548936;SPECIAL;Điểm dịch vụ Internet & Game 47;Dịch vụ Internet công cộng;2;1;1;0;2;WARNING;Cơ sở kinh doanh có điều kiện - kiểm tra định kỳ;2026-10-30;Giấy phép cung cấp dịch vụ Internet;10.851201;106.612756;CSKV đã lập biên bản nhắc nhở: Cơ sở kinh doanh có điều kiện - kiểm tra định kỳ.;2026-09-22;Thượng úy Lê Hoàng Nam
108;HK-NL-048;124/4;Đường Phan Văn Hớn;Ấp Nam Lân;Tổ 8;Hẻm 124;Võ Đình Thành;0971826753;RESIDENTIAL;;;6;2;4;1;5;NORMAL;;;;10.850251;106.615040;Hộ dân cư trú ổn định, chấp hành nghiêm quy định pháp luật và an ninh trật tự.;2026-09-08;Thượng úy Lê Hoàng Nam
109;HK-NL-049;187;Đường Hưng Lân;Ấp Nam Lân;Tổ 1;Mặt tiền đường;Ngô Hoàng Tài;0932598040;RESIDENTIAL;;;5;1;4;2;3;NORMAL;;;;10.849229;106.610332;Hộ dân cư trú ổn định, chấp hành nghiêm quy định pháp luật và an ninh trật tự.;2026-09-23;Thượng úy Lê Hoàng Nam
110;HK-NL-050;116;Đường Quốc Lộ 1A;Ấp Nam Lân;Tổ 2;Mặt tiền đường;Trần Hoàng An;0936608810;RESIDENTIAL;;;4;2;2;0;4;NORMAL;;;;10.847460;106.608305;Hộ dân cư trú ổn định, chấp hành nghiêm quy định pháp luật và an ninh trật tự.;2026-09-21;Thượng úy Lê Hoàng Nam
111;HK-NL-051;4;Đường Hưng Lân;Ấp Nam Lân;Tổ 3;Mặt tiền đường;Ngô Bích Chi;0894419656;RESIDENTIAL;;;2;1;1;0;2;NORMAL;;;;10.852209;106.615591;Hộ dân cư trú ổn định, chấp hành nghiêm quy định pháp luật và an ninh trật tự.;2026-09-16;Thượng úy Lê Hoàng Nam
112;HK-NL-052;147/16;Đường Quốc Lộ 1A;Ấp Nam Lân;Tổ 4;Hẻm 147;Ngô Đình Quân;0905483602;RESIDENTIAL;;;6;3;3;2;4;NORMAL;;;;10.847907;106.612419;Hộ dân cư trú ổn định, chấp hành nghiêm quy định pháp luật và an ninh trật tự.;2026-09-07;Thượng úy Lê Hoàng Nam
113;HK-NL-053;83;Đường Quốc Lộ 1A;Ấp Nam Lân;Tổ 5;Mặt tiền đường;Phạm Hữu Đức;0935112636;BUSINESS;Sửa xe Đức;Sửa chữa cơ khí;3;2;1;0;3;NORMAL;;2027-12-31;Đăng ký kinh doanh cá thể;10.848434;106.612211;Cơ sở kinh doanh mặt tiền đường, đã ký cam kết đảm bảo an toàn PCCC và ANTT.;2026-09-17;Thượng úy Lê Hoàng Nam
114;HK-NL-054;24;Đường Phan Văn Hớn;Ấp Nam Lân;Tổ 6;Mặt tiền đường;Hoàng Văn Thắng;0975361077;RESIDENTIAL;;;6;3;3;3;3;NORMAL;;;;10.845805;106.612045;Hộ dân cư trú ổn định, chấp hành nghiêm quy định pháp luật và an ninh trật tự.;2026-09-07;Thượng úy Lê Hoàng Nam
115;HK-NL-055;11;Đường Phan Văn Hớn;Ấp Nam Lân;Tổ 7;Mặt tiền đường;Dương Hữu Nam;0935333689;RESIDENTIAL;;;3;1;2;1;2;NORMAL;;;;10.847448;106.608611;Hộ dân cư trú ổn định, chấp hành nghiêm quy định pháp luật và an ninh trật tự.;2026-09-02;Thượng úy Lê Hoàng Nam
116;HK-NL-056;130;Đường Quốc Lộ 1A;Ấp Nam Lân;Tổ 8;Mặt tiền đường;Nguyễn Xuân Tuấn;0886121838;RESIDENTIAL;;;2;1;1;0;2;NORMAL;;;;10.850346;106.613063;Hộ dân cư trú ổn định, chấp hành nghiêm quy định pháp luật và an ninh trật tự.;2026-09-07;Thượng úy Lê Hoàng Nam
117;HK-NL-057;91;Đường Quốc Lộ 1A;Ấp Nam Lân;Tổ 1;Mặt tiền đường;Trần Như Linh;0888212234;BUSINESS;Tạp hóa Linh;Tạp hóa gia đình;4;2;2;2;2;NORMAL;;2027-12-31;Đăng ký kinh doanh cá thể;10.848743;106.615332;Cơ sở kinh doanh mặt tiền đường, đã ký cam kết đảm bảo an toàn PCCC và ANTT.;2026-09-12;Thượng úy Lê Hoàng Nam
118;HK-NL-058;24/22;Đường Quốc Lộ 1A;Ấp Nam Lân;Tổ 2;Hẻm 24;Lý Đình Khoa;0908456527;RESIDENTIAL;;;6;3;3;1;5;NORMAL;;;;10.848906;106.608238;Hộ dân cư trú ổn định, chấp hành nghiêm quy định pháp luật và an ninh trật tự.;2026-09-01;Thượng úy Lê Hoàng Nam
119;HK-NL-059;139/5;Đường Phan Văn Hớn;Ấp Nam Lân;Tổ 3;Hẻm 139;Vũ Trọng Trung;0908970683;RESIDENTIAL;;;3;2;1;0;3;NORMAL;;;;10.848379;106.611092;Hộ dân cư trú ổn định, chấp hành nghiêm quy định pháp luật và an ninh trật tự.;2026-09-12;Thượng úy Lê Hoàng Nam
120;HK-NL-060;160;Đường Quốc Lộ 1A;Ấp Nam Lân;Tổ 4;Mặt tiền đường;Huỳnh Thanh Thịnh;0861833021;RESIDENTIAL;;;3;1;2;0;3;NORMAL;;;;10.845557;106.612551;Hộ dân cư trú ổn định, chấp hành nghiêm quy định pháp luật và an ninh trật tự.;2026-09-03;Thượng úy Lê Hoàng Nam
121;HK-TL-001;176;Đường Phan Văn Hớn;Ấp Tây Lân;Tổ 1;Mặt tiền đường;Lý Đình Long;0869206645;RESIDENTIAL;;;4;2;2;1;3;NORMAL;;;;10.857618;106.604163;Hộ dân cư trú ổn định, chấp hành nghiêm quy định pháp luật và an ninh trật tự.;2026-09-21;Trung úy Trần Quốc Tuấn
122;HK-TL-002;191/16;Đường Bà Điểm 5;Ấp Tây Lân;Tổ 2;Hẻm 191;Hồ Thanh Huy;0983128313;SPECIAL;Điểm dịch vụ Internet & Game 2;Dịch vụ Internet công cộng;4;1;3;3;1;WARNING;Cơ sở kinh doanh có điều kiện - kiểm tra định kỳ;2026-10-30;Giấy phép cung cấp dịch vụ Internet;10.855774;106.607583;CSKV đã lập biên bản nhắc nhở: Cơ sở kinh doanh có điều kiện - kiểm tra định kỳ.;2026-09-05;Trung úy Trần Quốc Tuấn
123;HK-TL-003;165;Đường Phan Văn Hớn;Ấp Tây Lân;Tổ 3;Mặt tiền đường;Phan Hoàng Thành;0889064738;RESIDENTIAL;;;5;3;2;2;3;NORMAL;;;;10.855074;106.602235;Hộ dân cư trú ổn định, chấp hành nghiêm quy định pháp luật và an ninh trật tự.;2026-09-01;Trung úy Trần Quốc Tuấn
124;HK-TL-004;183/1;Đường Quốc Lộ 22;Ấp Tây Lân;Tổ 4;Hẻm 183;Hoàng Đình Nghĩa;0931356160;RESIDENTIAL;;;6;2;4;3;3;NORMAL;;;;10.856177;106.600767;Hộ dân cư trú ổn định, chấp hành nghiêm quy định pháp luật và an ninh trật tự.;2026-09-04;Trung úy Trần Quốc Tuấn
125;HK-TL-005;233;Đường Bà Điểm 5;Ấp Tây Lân;Tổ 5;Mặt tiền đường;Huỳnh Văn Tuấn;0939033086;RESIDENTIAL;;;4;1;3;1;3;NORMAL;;;;10.854691;106.606102;Hộ dân cư trú ổn định, chấp hành nghiêm quy định pháp luật và an ninh trật tự.;2026-09-02;Trung úy Trần Quốc Tuấn
126;HK-TL-006;184/14;Đường Quốc Lộ 22;Ấp Tây Lân;Tổ 6;Hẻm 184;Lý Kim Tuyết;0917260999;RESIDENTIAL;;;4;3;1;1;3;NORMAL;;;;10.853338;106.600217;Hộ dân cư trú ổn định, chấp hành nghiêm quy định pháp luật và an ninh trật tự.;2026-09-08;Trung úy Trần Quốc Tuấn
127;HK-TL-007;32/10;Đường Bà Điểm 5;Ấp Tây Lân;Tổ 7;Hẻm 32;Vũ Kim Trâm;0913830710;RESIDENTIAL;;;5;2;3;1;4;NORMAL;;;;10.852686;106.604300;Hộ dân cư trú ổn định, chấp hành nghiêm quy định pháp luật và an ninh trật tự.;2026-09-13;Trung úy Trần Quốc Tuấn
128;HK-TL-008;127;Đường Bà Điểm 7;Ấp Tây Lân;Tổ 8;Mặt tiền đường;Bùi Đình Trung;0978888054;BOARDING_HOUSE;Nhà trọ An Phú (6 phòng);Cho thuê lưu trú / Nhà trọ;5;3;2;2;3;NORMAL;;2026-12-31;Cam kết đảm bảo ANTT lưu trú;10.854632;106.604566;Nhà trọ người lao động, định kỳ kiểm tra sổ khai báo lưu trú qua Cổng VNeID.;2026-09-16;Trung úy Trần Quốc Tuấn
129;HK-TL-009;100;Đường Quốc Lộ 22;Ấp Tây Lân;Tổ 1;Mặt tiền đường;Vũ Văn Long;0984712603;RESIDENTIAL;;;5;2;3;2;3;WARNING;Nhân khẩu vắng mặt tại nơi cư trú quá 12 tháng;;;10.856863;106.604554;CSKV đã lập biên bản nhắc nhở: Nhân khẩu vắng mặt tại nơi cư trú quá 12 tháng.;2026-09-26;Trung úy Trần Quốc Tuấn
130;HK-TL-010;30/21;Đường Quốc Lộ 22;Ấp Tây Lân;Tổ 2;Hẻm 30;Nguyễn Thị Huyền;0865549628;RESIDENTIAL;;;5;2;3;1;4;NORMAL;;;;10.851646;106.607293;Hộ dân cư trú ổn định, chấp hành nghiêm quy định pháp luật và an ninh trật tự.;2026-09-01;Trung úy Trần Quốc Tuấn
131;HK-TL-011;220;Đường Quốc Lộ 22;Ấp Tây Lân;Tổ 3;Mặt tiền đường;Lê Thị Mai Huyền;0934344703;RESIDENTIAL;;;5;4;1;1;4;NORMAL;;;;10.853831;106.606336;Hộ dân cư trú ổn định, chấp hành nghiêm quy định pháp luật và an ninh trật tự.;2026-09-25;Trung úy Trần Quốc Tuấn
132;HK-TL-012;86;Đường Bà Điểm 7;Ấp Tây Lân;Tổ 4;Mặt tiền đường;Hồ Thùy Dung;0867414765;RELIGIOUS;Miếu Bà Ngũ Hành Bà Điểm;Tôn giáo / Tín ngưỡng;3;1;2;1;2;NORMAL;;;;10.854971;106.600456;Hộ dân cư trú ổn định, chấp hành nghiêm quy định pháp luật và an ninh trật tự.;2026-09-23;Trung úy Trần Quốc Tuấn
133;HK-TL-013;172/25;Đường Bà Điểm 7;Ấp Tây Lân;Tổ 5;Hẻm 172;Hoàng Thanh Thịnh;0978276121;RESIDENTIAL;;;5;2;3;3;2;NORMAL;;;;10.853175;106.607712;Hộ dân cư trú ổn định, chấp hành nghiêm quy định pháp luật và an ninh trật tự.;2026-09-13;Trung úy Trần Quốc Tuấn
134;HK-TL-014;64/23;Đường Quốc Lộ 22;Ấp Tây Lân;Tổ 6;Hẻm 64;Đỗ Trọng Quân;0886138499;RESIDENTIAL;;;3;2;1;1;2;NORMAL;;;;10.852731;106.602082;Hộ dân cư trú ổn định, chấp hành nghiêm quy định pháp luật và an ninh trật tự.;2026-09-23;Trung úy Trần Quốc Tuấn
135;HK-TL-015;199;Đường Quốc Lộ 22;Ấp Tây Lân;Tổ 7;Mặt tiền đường;Đỗ Phương Quỳnh;0912396799;RESIDENTIAL;;;5;3;2;2;3;WARNING;Nhân khẩu vắng mặt tại nơi cư trú quá 12 tháng;;;10.852095;106.602646;CSKV đã lập biên bản nhắc nhở: Nhân khẩu vắng mặt tại nơi cư trú quá 12 tháng.;2026-09-21;Trung úy Trần Quốc Tuấn
136;HK-TL-016;236;Đường Bà Điểm 7;Ấp Tây Lân;Tổ 8;Mặt tiền đường;Phan Như Anh;0889053702;RESIDENTIAL;;;3;1;2;0;3;NORMAL;;;;10.855494;106.603207;Hộ dân cư trú ổn định, chấp hành nghiêm quy định pháp luật và an ninh trật tự.;2026-09-05;Trung úy Trần Quốc Tuấn
137;HK-TL-017;16/9;Đường Quốc Lộ 22;Ấp Tây Lân;Tổ 1;Hẻm 16;Bùi Phương Dung;0889022861;RESIDENTIAL;;;6;3;3;5;1;WARNING;Nhân khẩu vắng mặt tại nơi cư trú quá 12 tháng;;;10.852212;106.606512;CSKV đã lập biên bản nhắc nhở: Nhân khẩu vắng mặt tại nơi cư trú quá 12 tháng.;2026-09-06;Trung úy Trần Quốc Tuấn
138;HK-TL-018;96;Đường Quốc Lộ 22;Ấp Tây Lân;Tổ 2;Mặt tiền đường;Ngô Xuân Nam;0905461766;RESIDENTIAL;;;6;4;2;1;5;NORMAL;;;;10.853506;106.605228;Hộ dân cư trú ổn định, chấp hành nghiêm quy định pháp luật và an ninh trật tự.;2026-09-21;Trung úy Trần Quốc Tuấn
139;HK-TL-019;55/7;Đường Phan Văn Hớn;Ấp Tây Lân;Tổ 3;Hẻm 55;Dương Minh Long;0988463171;RESIDENTIAL;;;6;3;3;0;6;NORMAL;;;;10.854425;106.600223;Hộ dân cư trú ổn định, chấp hành nghiêm quy định pháp luật và an ninh trật tự.;2026-09-24;Trung úy Trần Quốc Tuấn
140;HK-TL-020;83;Đường Bà Điểm 7;Ấp Tây Lân;Tổ 4;Mặt tiền đường;Đặng Thị Tuyết;0983989244;BUSINESS;Nhà thuốc Tuyết;Y tế tư nhân;6;5;1;3;3;NORMAL;;2027-12-31;Đăng ký kinh doanh cá thể;10.853235;106.607374;Cơ sở kinh doanh mặt tiền đường, đã ký cam kết đảm bảo an toàn PCCC và ANTT.;2026-09-16;Trung úy Trần Quốc Tuấn
141;HK-TL-021;132/8;Đường Phan Văn Hớn;Ấp Tây Lân;Tổ 5;Hẻm 132;Vũ Quốc Minh;0972757591;RESIDENTIAL;;;6;1;5;2;4;NORMAL;;;;10.852314;106.605022;Hộ dân cư trú ổn định, chấp hành nghiêm quy định pháp luật và an ninh trật tự.;2026-09-21;Trung úy Trần Quốc Tuấn
142;HK-TL-022;37;Đường Bà Điểm 7;Ấp Tây Lân;Tổ 6;Mặt tiền đường;Nguyễn Thanh Mai;0882217213;BUSINESS;Cơ sở may Mai;Dệt may tiểu thủ công;5;2;3;2;3;NORMAL;;2027-12-31;Đăng ký kinh doanh cá thể;10.858091;106.605522;Cơ sở kinh doanh mặt tiền đường, đã ký cam kết đảm bảo an toàn PCCC và ANTT.;2026-09-01;Trung úy Trần Quốc Tuấn
143;HK-TL-023;45;Đường Phan Văn Hớn;Ấp Tây Lân;Tổ 7;Mặt tiền đường;Dương Thanh Minh;0894830058;RESIDENTIAL;;;5;3;2;3;2;WARNING;Nhân khẩu vắng mặt tại nơi cư trú quá 12 tháng;;;10.857758;106.602275;CSKV đã lập biên bản nhắc nhở: Nhân khẩu vắng mặt tại nơi cư trú quá 12 tháng.;2026-09-01;Trung úy Trần Quốc Tuấn
144;HK-TL-024;169;Đường Bà Điểm 5;Ấp Tây Lân;Tổ 8;Mặt tiền đường;Bùi Hữu Trung;0909597045;RESIDENTIAL;;;2;1;1;1;1;NORMAL;;;;10.857609;106.605688;Hộ dân cư trú ổn định, chấp hành nghiêm quy định pháp luật và an ninh trật tự.;2026-09-26;Trung úy Trần Quốc Tuấn
145;HK-TL-025;27/9;Đường Bà Điểm 7;Ấp Tây Lân;Tổ 1;Hẻm 27;Đỗ Quốc Cường;0939838370;BUSINESS;VLXD Cường;Kinh doanh VLXD;6;2;4;1;5;NORMAL;;2027-12-31;Đăng ký kinh doanh cá thể;10.852571;106.606422;Cơ sở kinh doanh mặt tiền đường, đã ký cam kết đảm bảo an toàn PCCC và ANTT.;2026-09-19;Trung úy Trần Quốc Tuấn
146;HK-TL-026;209;Đường Bà Điểm 7;Ấp Tây Lân;Tổ 2;Mặt tiền đường;Phạm Trọng Thắng;0894688313;RESIDENTIAL;;;3;2;1;0;3;NORMAL;;;;10.853524;106.607594;Hộ dân cư trú ổn định, chấp hành nghiêm quy định pháp luật và an ninh trật tự.;2026-09-15;Trung úy Trần Quốc Tuấn
147;HK-TL-027;20/19;Đường Quốc Lộ 22;Ấp Tây Lân;Tổ 3;Hẻm 20;Hoàng Xuân Quân;0865741342;RESIDENTIAL;;;5;3;2;0;5;NORMAL;;;;10.851830;106.601819;Hộ dân cư trú ổn định, chấp hành nghiêm quy định pháp luật và an ninh trật tự.;2026-09-08;Trung úy Trần Quốc Tuấn
148;HK-TL-028;110;Đường Quốc Lộ 22;Ấp Tây Lân;Tổ 4;Mặt tiền đường;Huỳnh Văn Minh;0975563013;RESIDENTIAL;;;6;3;3;4;2;NORMAL;;;;10.857143;106.603991;Hộ dân cư trú ổn định, chấp hành nghiêm quy định pháp luật và an ninh trật tự.;2026-09-09;Trung úy Trần Quốc Tuấn
149;HK-TL-029;110;Đường Bà Điểm 7;Ấp Tây Lân;Tổ 5;Mặt tiền đường;Lý Hoàng Sơn;0976821839;BOARDING_HOUSE;Nhà trọ Thanh Bình (12 phòng);Cho thuê lưu trú / Nhà trọ;2;1;1;1;1;WARNING;Có nhân khẩu tạm trú mới chưa nộp tờ khai định danh;2026-12-31;Cam kết đảm bảo ANTT lưu trú;10.853740;106.606277;Nhà trọ người lao động, định kỳ kiểm tra sổ khai báo lưu trú qua Cổng VNeID.;2026-09-08;Trung úy Trần Quốc Tuấn
150;HK-TL-030;2/17;Đường Bà Điểm 5;Ấp Tây Lân;Tổ 6;Hẻm 2;Lý Kim Lan;0904862890;BUSINESS;VLXD Lan;Kinh doanh VLXD;2;1;1;0;2;NORMAL;;2027-12-31;Đăng ký kinh doanh cá thể;10.853315;106.603170;Cơ sở kinh doanh mặt tiền đường, đã ký cam kết đảm bảo an toàn PCCC và ANTT.;2026-09-12;Trung úy Trần Quốc Tuấn
151;HK-TL-031;76/16;Đường Bà Điểm 7;Ấp Tây Lân;Tổ 7;Hẻm 76;Võ Xuân Sơn;0971587098;BOARDING_HOUSE;Nhà trọ Hưng Phát (8 phòng);Cho thuê lưu trú / Nhà trọ;2;1;1;0;2;NORMAL;;2026-12-31;Cam kết đảm bảo ANTT lưu trú;10.855938;106.605761;Nhà trọ người lao động, định kỳ kiểm tra sổ khai báo lưu trú qua Cổng VNeID.;2026-09-26;Trung úy Trần Quốc Tuấn
152;HK-TL-032;233;Đường Bà Điểm 5;Ấp Tây Lân;Tổ 8;Mặt tiền đường;Lý Hữu Long;0939235309;BUSINESS;Cơ sở may Long;Dệt may tiểu thủ công;3;1;2;1;2;NORMAL;;2027-12-31;Đăng ký kinh doanh cá thể;10.854269;106.605708;Cơ sở kinh doanh mặt tiền đường, đã ký cam kết đảm bảo an toàn PCCC và ANTT.;2026-09-14;Trung úy Trần Quốc Tuấn
153;HK-TL-033;36;Đường Bà Điểm 5;Ấp Tây Lân;Tổ 1;Mặt tiền đường;Lê Thị Nga;0901926636;BUSINESS;Nhà thuốc Nga;Y tế tư nhân;2;1;1;0;2;NORMAL;;2027-12-31;Đăng ký kinh doanh cá thể;10.852848;106.601213;Cơ sở kinh doanh mặt tiền đường, đã ký cam kết đảm bảo an toàn PCCC và ANTT.;2026-09-20;Trung úy Trần Quốc Tuấn
154;HK-TL-034;151/10;Đường Bà Điểm 5;Ấp Tây Lân;Tổ 2;Hẻm 151;Lê Trọng Sơn;0889853336;RESIDENTIAL;;;4;2;2;2;2;NORMAL;;;;10.856303;106.602289;Hộ dân cư trú ổn định, chấp hành nghiêm quy định pháp luật và an ninh trật tự.;2026-09-12;Trung úy Trần Quốc Tuấn
155;HK-TL-035;181/14;Đường Quốc Lộ 22;Ấp Tây Lân;Tổ 3;Hẻm 181;Nguyễn Xuân Trung;0981703518;BOARDING_HOUSE;Nhà trọ An Phú (6 phòng);Cho thuê lưu trú / Nhà trọ;6;2;4;2;4;NORMAL;;2026-12-31;Cam kết đảm bảo ANTT lưu trú;10.855705;106.603160;Nhà trọ người lao động, định kỳ kiểm tra sổ khai báo lưu trú qua Cổng VNeID.;2026-09-08;Trung úy Trần Quốc Tuấn
156;HK-TL-036;6/15;Đường Bà Điểm 5;Ấp Tây Lân;Tổ 4;Hẻm 6;Lê Thanh Sơn;0987371808;RESIDENTIAL;;;5;2;3;0;5;NORMAL;;;;10.852334;106.600833;Hộ dân cư trú ổn định, chấp hành nghiêm quy định pháp luật và an ninh trật tự.;2026-09-08;Trung úy Trần Quốc Tuấn
157;HK-TL-037;97/9;Đường Phan Văn Hớn;Ấp Tây Lân;Tổ 5;Hẻm 97;Lý Thanh Lan;0894275987;SPECIAL;Điểm dịch vụ Internet & Game 37;Dịch vụ Internet công cộng;4;2;2;0;4;WARNING;Cơ sở kinh doanh có điều kiện - kiểm tra định kỳ;2026-10-30;Giấy phép cung cấp dịch vụ Internet;10.856480;106.604853;CSKV đã lập biên bản nhắc nhở: Cơ sở kinh doanh có điều kiện - kiểm tra định kỳ.;2026-09-15;Trung úy Trần Quốc Tuấn
158;HK-TL-038;96;Đường Phan Văn Hớn;Ấp Tây Lân;Tổ 6;Mặt tiền đường;Phạm Thị Mai Phương;0917149187;RESIDENTIAL;;;2;1;1;0;2;NORMAL;;;;10.851928;106.603841;Hộ dân cư trú ổn định, chấp hành nghiêm quy định pháp luật và an ninh trật tự.;2026-09-25;Trung úy Trần Quốc Tuấn
159;HK-TL-039;13;Đường Quốc Lộ 22;Ấp Tây Lân;Tổ 7;Mặt tiền đường;Huỳnh Trọng Hải;0919205092;RESIDENTIAL;;;6;5;1;1;5;NORMAL;;;;10.855457;106.602609;Hộ dân cư trú ổn định, chấp hành nghiêm quy định pháp luật và an ninh trật tự.;2026-09-19;Trung úy Trần Quốc Tuấn
160;HK-TL-040;153;Đường Bà Điểm 7;Ấp Tây Lân;Tổ 8;Mặt tiền đường;Bùi Hữu Long;0885932237;BUSINESS;Sửa xe Long;Sửa chữa cơ khí;2;1;1;1;1;NORMAL;;2027-12-31;Đăng ký kinh doanh cá thể;10.853508;106.602287;Cơ sở kinh doanh mặt tiền đường, đã ký cam kết đảm bảo an toàn PCCC và ANTT.;2026-09-14;Trung úy Trần Quốc Tuấn
161;HK-TL-041;148;Đường Bà Điểm 5;Ấp Tây Lân;Tổ 1;Mặt tiền đường;Huỳnh Minh Dũng;0971563625;RESIDENTIAL;;;2;1;1;0;2;NORMAL;;;;10.853086;106.605148;Hộ dân cư trú ổn định, chấp hành nghiêm quy định pháp luật và an ninh trật tự.;2026-09-08;Trung úy Trần Quốc Tuấn
162;HK-TL-042;87;Đường Quốc Lộ 22;Ấp Tây Lân;Tổ 2;Mặt tiền đường;Đỗ Văn Hiếu;0893370129;RESIDENTIAL;;;2;1;1;0;2;NORMAL;;;;10.856451;106.603785;Hộ dân cư trú ổn định, chấp hành nghiêm quy định pháp luật và an ninh trật tự.;2026-09-10;Trung úy Trần Quốc Tuấn
163;HK-TL-043;249;Đường Bà Điểm 5;Ấp Tây Lân;Tổ 3;Mặt tiền đường;Ngô Bích Mai;0912311719;RESIDENTIAL;;;6;4;2;1;5;NORMAL;;;;10.853884;106.605926;Hộ dân cư trú ổn định, chấp hành nghiêm quy định pháp luật và an ninh trật tự.;2026-09-26;Trung úy Trần Quốc Tuấn
164;HK-TL-044;149;Đường Bà Điểm 5;Ấp Tây Lân;Tổ 4;Mặt tiền đường;Hồ Thị Trang;0978256645;BUSINESS;Cơ sở may Trang;Dệt may tiểu thủ công;4;1;3;1;3;NORMAL;;2027-12-31;Đăng ký kinh doanh cá thể;10.854430;106.603093;Cơ sở kinh doanh mặt tiền đường, đã ký cam kết đảm bảo an toàn PCCC và ANTT.;2026-09-06;Trung úy Trần Quốc Tuấn
165;HK-TL-045;190;Đường Phan Văn Hớn;Ấp Tây Lân;Tổ 5;Mặt tiền đường;Võ Thị Mai Tuyết;0979889023;RESIDENTIAL;;;2;1;1;0;2;NORMAL;;;;10.853764;106.603535;Hộ dân cư trú ổn định, chấp hành nghiêm quy định pháp luật và an ninh trật tự.;2026-09-04;Trung úy Trần Quốc Tuấn
166;HK-TL-046;85/3;Đường Quốc Lộ 22;Ấp Tây Lân;Tổ 6;Hẻm 85;Phan Ngọc Chi;0865849389;RESIDENTIAL;;;6;2;4;4;2;NORMAL;;;;10.854623;106.606955;Hộ dân cư trú ổn định, chấp hành nghiêm quy định pháp luật và an ninh trật tự.;2026-09-11;Trung úy Trần Quốc Tuấn
167;HK-TL-047;177;Đường Quốc Lộ 22;Ấp Tây Lân;Tổ 7;Mặt tiền đường;Phan Quốc Hải;0936869498;BUSINESS;Salon tóc Hải;Dịch vụ cá nhân;5;2;3;0;5;NORMAL;;2027-12-31;Đăng ký kinh doanh cá thể;10.854524;106.607750;Cơ sở kinh doanh mặt tiền đường, đã ký cam kết đảm bảo an toàn PCCC và ANTT.;2026-09-25;Trung úy Trần Quốc Tuấn
168;HK-TL-048;40/8;Đường Bà Điểm 5;Ấp Tây Lân;Tổ 8;Hẻm 40;Võ Quốc Minh;0916431784;RESIDENTIAL;;;5;2;3;0;5;NORMAL;;;;10.854992;106.606663;Hộ dân cư trú ổn định, chấp hành nghiêm quy định pháp luật và an ninh trật tự.;2026-09-18;Trung úy Trần Quốc Tuấn
169;HK-TL-049;101;Đường Phan Văn Hớn;Ấp Tây Lân;Tổ 1;Mặt tiền đường;Trần Hữu An;0917223008;RESIDENTIAL;;;2;1;1;0;2;NORMAL;;;;10.853282;106.607981;Hộ dân cư trú ổn định, chấp hành nghiêm quy định pháp luật và an ninh trật tự.;2026-09-11;Trung úy Trần Quốc Tuấn
170;HK-TL-050;26/18;Đường Phan Văn Hớn;Ấp Tây Lân;Tổ 2;Hẻm 26;Dương Văn Thịnh;0911994465;RESIDENTIAL;;;2;1;1;0;2;NORMAL;;;;10.853401;106.604735;Hộ dân cư trú ổn định, chấp hành nghiêm quy định pháp luật và an ninh trật tự.;2026-09-09;Trung úy Trần Quốc Tuấn
171;HK-TL-051;175;Đường Phan Văn Hớn;Ấp Tây Lân;Tổ 3;Mặt tiền đường;Đặng Thanh Thu;0982238428;RESIDENTIAL;;;3;1;2;1;2;NORMAL;;;;10.852129;106.605926;Hộ dân cư trú ổn định, chấp hành nghiêm quy định pháp luật và an ninh trật tự.;2026-09-21;Trung úy Trần Quốc Tuấn
172;HK-TL-052;139/25;Đường Quốc Lộ 22;Ấp Tây Lân;Tổ 4;Hẻm 139;Bùi Hoàng Bình;0982201718;RESIDENTIAL;;;5;4;1;0;5;NORMAL;;;;10.853951;106.604272;Hộ dân cư trú ổn định, chấp hành nghiêm quy định pháp luật và an ninh trật tự.;2026-09-16;Trung úy Trần Quốc Tuấn
173;HK-TL-053;7;Đường Bà Điểm 7;Ấp Tây Lân;Tổ 5;Mặt tiền đường;Phan Xuân Tùng;0896529127;RELIGIOUS;Miếu Bà Ngũ Hành Bà Điểm;Tôn giáo / Tín ngưỡng;5;3;2;0;5;NORMAL;;;;10.854384;106.606736;Hộ dân cư trú ổn định, chấp hành nghiêm quy định pháp luật và an ninh trật tự.;2026-09-05;Trung úy Trần Quốc Tuấn
174;HK-TL-054;107/5;Đường Phan Văn Hớn;Ấp Tây Lân;Tổ 6;Hẻm 107;Phan Đình Quân;0974146291;SPECIAL;Điểm dịch vụ Internet & Game 54;Dịch vụ Internet công cộng;2;1;1;0;2;WARNING;Cơ sở kinh doanh có điều kiện - kiểm tra định kỳ;2026-10-30;Giấy phép cung cấp dịch vụ Internet;10.852338;106.604786;CSKV đã lập biên bản nhắc nhở: Cơ sở kinh doanh có điều kiện - kiểm tra định kỳ.;2026-09-01;Trung úy Trần Quốc Tuấn
175;HK-TL-055;142/2;Đường Bà Điểm 7;Ấp Tây Lân;Tổ 7;Hẻm 142;Vũ Văn Long;0971613214;BUSINESS;Salon tóc Long;Dịch vụ cá nhân;4;2;2;2;2;NORMAL;;2027-12-31;Đăng ký kinh doanh cá thể;10.857213;106.602585;Cơ sở kinh doanh mặt tiền đường, đã ký cam kết đảm bảo an toàn PCCC và ANTT.;2026-09-12;Trung úy Trần Quốc Tuấn
176;HK-TL-056;141/16;Đường Phan Văn Hớn;Ấp Tây Lân;Tổ 8;Hẻm 141;Nguyễn Hữu Hiếu;0896645073;BUSINESS;Tạp hóa Hiếu;Tạp hóa gia đình;2;1;1;0;2;NORMAL;;2027-12-31;Đăng ký kinh doanh cá thể;10.855468;106.605159;Cơ sở kinh doanh mặt tiền đường, đã ký cam kết đảm bảo an toàn PCCC và ANTT.;2026-09-14;Trung úy Trần Quốc Tuấn
177;HK-TL-057;154/22;Đường Bà Điểm 7;Ấp Tây Lân;Tổ 1;Hẻm 154;Phạm Văn Phúc;0975701925;BUSINESS;Quán cơm Phúc;Dịch vụ ăn uống;3;1;2;0;3;WARNING;Cần gia hạn chứng nhận thẩm duyệt PCCC cơ sở;2027-12-31;Đăng ký kinh doanh cá thể;10.854633;106.604217;Cơ sở kinh doanh mặt tiền đường, đã ký cam kết đảm bảo an toàn PCCC và ANTT.;2026-09-14;Trung úy Trần Quốc Tuấn
178;HK-TL-058;61/11;Đường Bà Điểm 7;Ấp Tây Lân;Tổ 2;Hẻm 61;Vũ Xuân Hùng;0982759974;RESIDENTIAL;;;5;2;3;2;3;NORMAL;;;;10.851637;106.607903;Hộ dân cư trú ổn định, chấp hành nghiêm quy định pháp luật và an ninh trật tự.;2026-09-20;Trung úy Trần Quốc Tuấn
179;HK-TL-059;71/16;Đường Bà Điểm 7;Ấp Tây Lân;Tổ 3;Hẻm 71;Hồ Trọng Thịnh;0886273369;RESIDENTIAL;;;3;1;2;1;2;NORMAL;;;;10.856879;106.604608;Hộ dân cư trú ổn định, chấp hành nghiêm quy định pháp luật và an ninh trật tự.;2026-09-25;Trung úy Trần Quốc Tuấn
180;HK-TL-060;127;Đường Quốc Lộ 22;Ấp Tây Lân;Tổ 4;Mặt tiền đường;Lý Thùy Oanh;0863254465;RESIDENTIAL;;;3;2;1;1;2;NORMAL;;;;10.854289;106.604186;Hộ dân cư trú ổn định, chấp hành nghiêm quy định pháp luật và an ninh trật tự.;2026-09-22;Trung úy Trần Quốc Tuấn
181;HK-DL-001;170/21;Đường Quốc Lộ 1A;Ấp Đông Lân;Tổ 1;Hẻm 170;Lý Xuân Khoa;0971586456;RESIDENTIAL;;;2;1;1;1;1;NORMAL;;;;10.854194;106.616939;Hộ dân cư trú ổn định, chấp hành nghiêm quy định pháp luật và an ninh trật tự.;2026-09-10;Đại úy Phạm Minh Đức
182;HK-DL-002;220;Đường Phan Văn Hớn;Ấp Đông Lân;Tổ 2;Mặt tiền đường;Hoàng Hồng Hoa;0883711120;BUSINESS;Nhà thuốc Hoa;Y tế tư nhân;4;3;1;1;3;NORMAL;;2027-12-31;Đăng ký kinh doanh cá thể;10.853416;106.623702;Cơ sở kinh doanh mặt tiền đường, đã ký cam kết đảm bảo an toàn PCCC và ANTT.;2026-09-02;Đại úy Phạm Minh Đức
183;HK-DL-003;81;Đường Đông Lân - Hưng Lân;Ấp Đông Lân;Tổ 3;Mặt tiền đường;Lê Phương Nhung;0892250545;RESIDENTIAL;;;4;2;2;3;1;NORMAL;;;;10.854497;106.619247;Hộ dân cư trú ổn định, chấp hành nghiêm quy định pháp luật và an ninh trật tự.;2026-09-18;Đại úy Phạm Minh Đức
184;HK-DL-004;34;Đường Phan Văn Hớn;Ấp Đông Lân;Tổ 4;Mặt tiền đường;Lê Đức Bình;0914258705;RESIDENTIAL;;;2;1;1;0;2;WARNING;Nhân khẩu vắng mặt tại nơi cư trú quá 12 tháng;;;10.853130;106.620417;CSKV đã lập biên bản nhắc nhở: Nhân khẩu vắng mặt tại nơi cư trú quá 12 tháng.;2026-09-26;Đại úy Phạm Minh Đức
185;HK-DL-005;83/18;Đường Bà Điểm 8;Ấp Đông Lân;Tổ 5;Hẻm 83;Phan Thị Hương;0987758673;RESIDENTIAL;;;4;1;3;1;3;NORMAL;;;;10.854228;106.616388;Hộ dân cư trú ổn định, chấp hành nghiêm quy định pháp luật và an ninh trật tự.;2026-09-26;Đại úy Phạm Minh Đức
186;HK-DL-006;153/15;Đường Phan Văn Hớn;Ấp Đông Lân;Tổ 6;Hẻm 153;Trần Văn Dũng;0931739763;RESIDENTIAL;;;3;2;1;0;3;NORMAL;;;;10.856878;106.620189;Hộ dân cư trú ổn định, chấp hành nghiêm quy định pháp luật và an ninh trật tự.;2026-09-25;Đại úy Phạm Minh Đức
187;HK-DL-007;134;Đường Phan Văn Hớn;Ấp Đông Lân;Tổ 7;Mặt tiền đường;Phạm Thùy Tuyết;0985232046;RESIDENTIAL;;;3;1;2;2;1;NORMAL;;;;10.853778;106.616021;Hộ dân cư trú ổn định, chấp hành nghiêm quy định pháp luật và an ninh trật tự.;2026-09-09;Đại úy Phạm Minh Đức
188;HK-DL-008;39;Đường Phan Văn Hớn;Ấp Đông Lân;Tổ 8;Mặt tiền đường;Nguyễn Thanh Nam;0986488215;RESIDENTIAL;;;3;1;2;0;3;NORMAL;;;;10.853495;106.620561;Hộ dân cư trú ổn định, chấp hành nghiêm quy định pháp luật và an ninh trật tự.;2026-09-17;Đại úy Phạm Minh Đức
189;HK-DL-009;134/3;Đường Quốc Lộ 1A;Ấp Đông Lân;Tổ 1;Hẻm 134;Đỗ Như Ngân;0977278326;RESIDENTIAL;;;5;4;1;1;4;WARNING;Nhân khẩu vắng mặt tại nơi cư trú quá 12 tháng;;;10.857280;106.618090;CSKV đã lập biên bản nhắc nhở: Nhân khẩu vắng mặt tại nơi cư trú quá 12 tháng.;2026-09-25;Đại úy Phạm Minh Đức
190;HK-DL-010;180/3;Đường Phan Văn Hớn;Ấp Đông Lân;Tổ 2;Hẻm 180;Bùi Hoàng Vinh;0861788150;RESIDENTIAL;;;2;1;1;0;2;WARNING;Nhân khẩu vắng mặt tại nơi cư trú quá 12 tháng;;;10.853014;106.620651;CSKV đã lập biên bản nhắc nhở: Nhân khẩu vắng mặt tại nơi cư trú quá 12 tháng.;2026-09-22;Đại úy Phạm Minh Đức
191;HK-DL-011;36;Đường Phan Văn Hớn;Ấp Đông Lân;Tổ 3;Mặt tiền đường;Hoàng Thanh Tài;0891165267;RESIDENTIAL;;;2;1;1;0;2;NORMAL;;;;10.854033;106.617998;Hộ dân cư trú ổn định, chấp hành nghiêm quy định pháp luật và an ninh trật tự.;2026-09-05;Đại úy Phạm Minh Đức
192;HK-DL-012;84;Đường Quốc Lộ 1A;Ấp Đông Lân;Tổ 4;Mặt tiền đường;Trần Thanh Nga;0911311147;BOARDING_HOUSE;Nhà trọ Minh Tâm (10 phòng);Cho thuê lưu trú / Nhà trọ;3;1;2;0;3;WARNING;Có nhân khẩu tạm trú mới chưa nộp tờ khai định danh;2026-12-31;Cam kết đảm bảo ANTT lưu trú;10.856494;106.621532;Nhà trọ người lao động, định kỳ kiểm tra sổ khai báo lưu trú qua Cổng VNeID.;2026-09-02;Đại úy Phạm Minh Đức
193;HK-DL-013;11/15;Đường Quốc Lộ 1A;Ấp Đông Lân;Tổ 5;Hẻm 11;Bùi Thanh Tùng;0913939610;RESIDENTIAL;;;4;2;2;2;2;NORMAL;;;;10.856389;106.621707;Hộ dân cư trú ổn định, chấp hành nghiêm quy định pháp luật và an ninh trật tự.;2026-09-26;Đại úy Phạm Minh Đức
194;HK-DL-014;37;Đường Quốc Lộ 1A;Ấp Đông Lân;Tổ 6;Mặt tiền đường;Võ Xuân Tài;0908338371;RESIDENTIAL;;;5;2;3;1;4;NORMAL;;;;10.858045;106.618990;Hộ dân cư trú ổn định, chấp hành nghiêm quy định pháp luật và an ninh trật tự.;2026-09-21;Đại úy Phạm Minh Đức
195;HK-DL-015;137;Đường Bà Điểm 8;Ấp Đông Lân;Tổ 7;Mặt tiền đường;Võ Quốc Sơn;0972546162;RESIDENTIAL;;;4;2;2;0;4;WARNING;Nhân khẩu vắng mặt tại nơi cư trú quá 12 tháng;;;10.855427;106.620888;CSKV đã lập biên bản nhắc nhở: Nhân khẩu vắng mặt tại nơi cư trú quá 12 tháng.;2026-09-24;Đại úy Phạm Minh Đức
196;HK-DL-016;102/18;Đường Quốc Lộ 1A;Ấp Đông Lân;Tổ 8;Hẻm 102;Hoàng Phương Thảo;0912333279;RESIDENTIAL;;;5;1;4;3;2;WARNING;Nhân khẩu vắng mặt tại nơi cư trú quá 12 tháng;;;10.855588;106.622286;CSKV đã lập biên bản nhắc nhở: Nhân khẩu vắng mặt tại nơi cư trú quá 12 tháng.;2026-09-05;Đại úy Phạm Minh Đức
197;HK-DL-017;89/13;Đường Phan Văn Hớn;Ấp Đông Lân;Tổ 1;Hẻm 89;Hoàng Thị Lan;0917144971;BOARDING_HOUSE;Nhà trọ An Phú (6 phòng);Cho thuê lưu trú / Nhà trọ;3;1;2;0;3;NORMAL;;2026-12-31;Cam kết đảm bảo ANTT lưu trú;10.853747;106.622556;Nhà trọ người lao động, định kỳ kiểm tra sổ khai báo lưu trú qua Cổng VNeID.;2026-09-12;Đại úy Phạm Minh Đức
198;HK-DL-018;90/17;Đường Đông Lân - Hưng Lân;Ấp Đông Lân;Tổ 2;Hẻm 90;Hoàng Xuân Dũng;0939913261;RESIDENTIAL;;;3;1;2;1;2;NORMAL;;;;10.854713;106.620002;Hộ dân cư trú ổn định, chấp hành nghiêm quy định pháp luật và an ninh trật tự.;2026-09-03;Đại úy Phạm Minh Đức
199;HK-DL-019;145;Đường Quốc Lộ 1A;Ấp Đông Lân;Tổ 3;Mặt tiền đường;Hồ Đình Tùng;0934731256;RESIDENTIAL;;;2;1;1;1;1;NORMAL;;;;10.854727;106.621938;Hộ dân cư trú ổn định, chấp hành nghiêm quy định pháp luật và an ninh trật tự.;2026-09-07;Đại úy Phạm Minh Đức
200;HK-DL-020;126;Đường Bà Điểm 8;Ấp Đông Lân;Tổ 4;Mặt tiền đường;Nguyễn Kim Quỳnh;0916894105;BUSINESS;Cơ sở may Quỳnh;Dệt may tiểu thủ công;3;1;2;0;3;NORMAL;;2027-12-31;Đăng ký kinh doanh cá thể;10.857134;106.623413;Cơ sở kinh doanh mặt tiền đường, đã ký cam kết đảm bảo an toàn PCCC và ANTT.;2026-09-08;Đại úy Phạm Minh Đức
201;HK-DL-021;151;Đường Phan Văn Hớn;Ấp Đông Lân;Tổ 5;Mặt tiền đường;Hoàng Quốc Hiếu;0894331540;RESIDENTIAL;;;3;2;1;0;3;NORMAL;;;;10.852536;106.623411;Hộ dân cư trú ổn định, chấp hành nghiêm quy định pháp luật và an ninh trật tự.;2026-09-06;Đại úy Phạm Minh Đức
202;HK-DL-022;128/3;Đường Quốc Lộ 1A;Ấp Đông Lân;Tổ 6;Hẻm 128;Lý Ngọc Trang;0895471309;RESIDENTIAL;;;6;3;3;3;3;WARNING;Nhân khẩu vắng mặt tại nơi cư trú quá 12 tháng;;;10.853673;106.616012;CSKV đã lập biên bản nhắc nhở: Nhân khẩu vắng mặt tại nơi cư trú quá 12 tháng.;2026-09-01;Đại úy Phạm Minh Đức
203;HK-DL-023;168;Đường Phan Văn Hớn;Ấp Đông Lân;Tổ 7;Mặt tiền đường;Hồ Thanh Sơn;0893524688;RESIDENTIAL;;;2;1;1;0;2;NORMAL;;;;10.856911;106.618645;Hộ dân cư trú ổn định, chấp hành nghiêm quy định pháp luật và an ninh trật tự.;2026-09-12;Đại úy Phạm Minh Đức
204;HK-DL-024;18/3;Đường Quốc Lộ 1A;Ấp Đông Lân;Tổ 8;Hẻm 18;Phạm Đình Vinh;0909710611;RESIDENTIAL;;;3;2;1;0;3;WARNING;Nhân khẩu vắng mặt tại nơi cư trú quá 12 tháng;;;10.854303;106.622944;CSKV đã lập biên bản nhắc nhở: Nhân khẩu vắng mặt tại nơi cư trú quá 12 tháng.;2026-09-03;Đại úy Phạm Minh Đức
205;HK-DL-025;111/10;Đường Đông Lân - Hưng Lân;Ấp Đông Lân;Tổ 1;Hẻm 111;Dương Kim Nga;0882422323;RESIDENTIAL;;;5;3;2;0;5;NORMAL;;;;10.858934;106.619690;Hộ dân cư trú ổn định, chấp hành nghiêm quy định pháp luật và an ninh trật tự.;2026-09-09;Đại úy Phạm Minh Đức
206;HK-DL-026;104;Đường Đông Lân - Hưng Lân;Ấp Đông Lân;Tổ 2;Mặt tiền đường;Hoàng Thanh Trung;0917751841;RESIDENTIAL;;;2;1;1;0;2;NORMAL;;;;10.852921;106.616003;Hộ dân cư trú ổn định, chấp hành nghiêm quy định pháp luật và an ninh trật tự.;2026-09-19;Đại úy Phạm Minh Đức
207;HK-DL-027;103/5;Đường Đông Lân - Hưng Lân;Ấp Đông Lân;Tổ 3;Hẻm 103;Lê Minh Quân;0901188331;RESIDENTIAL;;;4;3;1;0;4;NORMAL;;;;10.854950;106.616909;Hộ dân cư trú ổn định, chấp hành nghiêm quy định pháp luật và an ninh trật tự.;2026-09-12;Đại úy Phạm Minh Đức
208;HK-DL-028;228;Đường Đông Lân - Hưng Lân;Ấp Đông Lân;Tổ 4;Mặt tiền đường;Phạm Xuân Tuấn;0894311419;BUSINESS;Salon tóc Tuấn;Dịch vụ cá nhân;5;1;4;2;3;NORMAL;;2027-12-31;Đăng ký kinh doanh cá thể;10.857366;106.617583;Cơ sở kinh doanh mặt tiền đường, đã ký cam kết đảm bảo an toàn PCCC và ANTT.;2026-09-14;Đại úy Phạm Minh Đức
209;HK-DL-029;11;Đường Quốc Lộ 1A;Ấp Đông Lân;Tổ 5;Mặt tiền đường;Hoàng Xuân An;0885539628;BUSINESS;Sửa xe An;Sửa chữa cơ khí;2;1;1;0;2;NORMAL;;2027-12-31;Đăng ký kinh doanh cá thể;10.853097;106.617653;Cơ sở kinh doanh mặt tiền đường, đã ký cam kết đảm bảo an toàn PCCC và ANTT.;2026-09-13;Đại úy Phạm Minh Đức
210;HK-DL-030;148/6;Đường Quốc Lộ 1A;Ấp Đông Lân;Tổ 6;Hẻm 148;Hoàng Hồng Tuyết;0932959721;RESIDENTIAL;;;3;1;2;1;2;NORMAL;;;;10.854246;106.618288;Hộ dân cư trú ổn định, chấp hành nghiêm quy định pháp luật và an ninh trật tự.;2026-09-13;Đại úy Phạm Minh Đức
211;HK-DL-031;26;Đường Phan Văn Hớn;Ấp Đông Lân;Tổ 7;Mặt tiền đường;Vũ Như Thu;0915530051;RESIDENTIAL;;;3;1;2;1;2;NORMAL;;;;10.855119;106.618998;Hộ dân cư trú ổn định, chấp hành nghiêm quy định pháp luật và an ninh trật tự.;2026-09-15;Đại úy Phạm Minh Đức
212;HK-DL-032;132;Đường Bà Điểm 8;Ấp Đông Lân;Tổ 8;Mặt tiền đường;Đỗ Trọng Thịnh;0902539237;RELIGIOUS;Điểm sinh hoạt Tôn giáo Tin Lành;Tôn giáo / Tín ngưỡng;2;1;1;1;1;NORMAL;;;;10.853906;106.617972;Hộ dân cư trú ổn định, chấp hành nghiêm quy định pháp luật và an ninh trật tự.;2026-09-15;Đại úy Phạm Minh Đức
213;HK-DL-033;25/8;Đường Bà Điểm 8;Ấp Đông Lân;Tổ 1;Hẻm 25;Nguyễn Đức Tài;0989256725;BOARDING_HOUSE;Dãy phòng trọ Cô Sáu (15 phòng);Cho thuê lưu trú / Nhà trọ;5;2;3;1;4;NORMAL;;2026-12-31;Cam kết đảm bảo ANTT lưu trú;10.859322;106.618615;Nhà trọ người lao động, định kỳ kiểm tra sổ khai báo lưu trú qua Cổng VNeID.;2026-09-18;Đại úy Phạm Minh Đức
214;HK-DL-034;231;Đường Đông Lân - Hưng Lân;Ấp Đông Lân;Tổ 2;Mặt tiền đường;Hồ Quốc Thành;0861920200;RESIDENTIAL;;;5;3;2;2;3;NORMAL;;;;10.857995;106.618584;Hộ dân cư trú ổn định, chấp hành nghiêm quy định pháp luật và an ninh trật tự.;2026-09-18;Đại úy Phạm Minh Đức
215;HK-DL-035;141;Đường Đông Lân - Hưng Lân;Ấp Đông Lân;Tổ 3;Mặt tiền đường;Hoàng Hoàng Hiếu;0917796425;BUSINESS;Cà phê Hiếu;Giải khát;4;1;3;1;3;NORMAL;;2027-12-31;Đăng ký kinh doanh cá thể;10.857118;106.623377;Cơ sở kinh doanh mặt tiền đường, đã ký cam kết đảm bảo an toàn PCCC và ANTT.;2026-09-14;Đại úy Phạm Minh Đức
216;HK-DL-036;94;Đường Quốc Lộ 1A;Ấp Đông Lân;Tổ 4;Mặt tiền đường;Hoàng Quốc Hải;0892173791;BUSINESS;Sửa xe Hải;Sửa chữa cơ khí;3;1;2;1;2;NORMAL;;2027-12-31;Đăng ký kinh doanh cá thể;10.856802;106.616219;Cơ sở kinh doanh mặt tiền đường, đã ký cam kết đảm bảo an toàn PCCC và ANTT.;2026-09-02;Đại úy Phạm Minh Đức
217;HK-DL-037;167/13;Đường Đông Lân - Hưng Lân;Ấp Đông Lân;Tổ 5;Hẻm 167;Hồ Thị Mai Nhung;0861096577;RESIDENTIAL;;;3;1;2;1;2;NORMAL;;;;10.852815;106.621609;Hộ dân cư trú ổn định, chấp hành nghiêm quy định pháp luật và an ninh trật tự.;2026-09-09;Đại úy Phạm Minh Đức
218;HK-DL-038;75;Đường Quốc Lộ 1A;Ấp Đông Lân;Tổ 6;Mặt tiền đường;Hoàng Xuân Thắng;0973898406;RESIDENTIAL;;;3;2;1;0;3;NORMAL;;;;10.858726;106.622920;Hộ dân cư trú ổn định, chấp hành nghiêm quy định pháp luật và an ninh trật tự.;2026-09-12;Đại úy Phạm Minh Đức
219;HK-DL-039;209;Đường Bà Điểm 8;Ấp Đông Lân;Tổ 7;Mặt tiền đường;Lê Xuân Phúc;0972619570;RESIDENTIAL;;;5;3;2;2;3;NORMAL;;;;10.855410;106.621287;Hộ dân cư trú ổn định, chấp hành nghiêm quy định pháp luật và an ninh trật tự.;2026-09-08;Đại úy Phạm Minh Đức
220;HK-DL-040;56;Đường Bà Điểm 8;Ấp Đông Lân;Tổ 8;Mặt tiền đường;Đỗ Hoàng Hiếu;0905566662;RESIDENTIAL;;;4;1;3;2;2;NORMAL;;;;10.853601;106.622834;Hộ dân cư trú ổn định, chấp hành nghiêm quy định pháp luật và an ninh trật tự.;2026-09-21;Đại úy Phạm Minh Đức
221;HK-DL-041;4;Đường Phan Văn Hớn;Ấp Đông Lân;Tổ 1;Mặt tiền đường;Dương Phương Hương;0971385919;RESIDENTIAL;;;6;4;2;2;4;NORMAL;;;;10.853387;106.616009;Hộ dân cư trú ổn định, chấp hành nghiêm quy định pháp luật và an ninh trật tự.;2026-09-21;Đại úy Phạm Minh Đức
222;HK-DL-042;163;Đường Đông Lân - Hưng Lân;Ấp Đông Lân;Tổ 2;Mặt tiền đường;Phan Hoàng Dũng;0935203698;BUSINESS;Nhà thuốc Dũng;Y tế tư nhân;5;2;3;1;4;NORMAL;;2027-12-31;Đăng ký kinh doanh cá thể;10.859121;106.620001;Cơ sở kinh doanh mặt tiền đường, đã ký cam kết đảm bảo an toàn PCCC và ANTT.;2026-09-19;Đại úy Phạm Minh Đức
223;HK-DL-043;222;Đường Đông Lân - Hưng Lân;Ấp Đông Lân;Tổ 3;Mặt tiền đường;Đặng Hoàng Hùng;0989790631;RESIDENTIAL;;;4;3;1;2;2;NORMAL;;;;10.858957;106.617111;Hộ dân cư trú ổn định, chấp hành nghiêm quy định pháp luật và an ninh trật tự.;2026-09-17;Đại úy Phạm Minh Đức
224;HK-DL-044;8;Đường Bà Điểm 8;Ấp Đông Lân;Tổ 4;Mặt tiền đường;Ngô Thùy Bích;0984188492;RESIDENTIAL;;;4;2;2;0;4;NORMAL;;;;10.854933;106.620883;Hộ dân cư trú ổn định, chấp hành nghiêm quy định pháp luật và an ninh trật tự.;2026-09-16;Đại úy Phạm Minh Đức
225;HK-DL-045;94;Đường Đông Lân - Hưng Lân;Ấp Đông Lân;Tổ 5;Mặt tiền đường;Huỳnh Thanh My;0867156698;RESIDENTIAL;;;3;1;2;1;2;NORMAL;;;;10.857027;106.621765;Hộ dân cư trú ổn định, chấp hành nghiêm quy định pháp luật và an ninh trật tự.;2026-09-16;Đại úy Phạm Minh Đức
226;HK-DL-046;37;Đường Quốc Lộ 1A;Ấp Đông Lân;Tổ 6;Mặt tiền đường;Lý Thanh Hiếu;0896130028;RESIDENTIAL;;;4;2;2;2;2;NORMAL;;;;10.855122;106.618560;Hộ dân cư trú ổn định, chấp hành nghiêm quy định pháp luật và an ninh trật tự.;2026-09-15;Đại úy Phạm Minh Đức
227;HK-DL-047;111;Đường Bà Điểm 8;Ấp Đông Lân;Tổ 7;Mặt tiền đường;Trần Hữu Long;0911829262;RESIDENTIAL;;;4;1;3;2;2;NORMAL;;;;10.854571;106.621655;Hộ dân cư trú ổn định, chấp hành nghiêm quy định pháp luật và an ninh trật tự.;2026-09-13;Đại úy Phạm Minh Đức
228;HK-DL-048;121/25;Đường Quốc Lộ 1A;Ấp Đông Lân;Tổ 8;Hẻm 121;Huỳnh Trọng Tuấn;0911518940;RESIDENTIAL;;;4;2;2;2;2;NORMAL;;;;10.853283;106.622552;Hộ dân cư trú ổn định, chấp hành nghiêm quy định pháp luật và an ninh trật tự.;2026-09-16;Đại úy Phạm Minh Đức
229;HK-DL-049;114;Đường Bà Điểm 8;Ấp Đông Lân;Tổ 1;Mặt tiền đường;Vũ Thanh Tùng;0869686125;RESIDENTIAL;;;2;1;1;0;2;NORMAL;;;;10.855836;106.618328;Hộ dân cư trú ổn định, chấp hành nghiêm quy định pháp luật và an ninh trật tự.;2026-09-01;Đại úy Phạm Minh Đức
230;HK-DL-050;63/6;Đường Đông Lân - Hưng Lân;Ấp Đông Lân;Tổ 2;Hẻm 63;Nguyễn Ngọc Lan;0897899079;RESIDENTIAL;;;2;1;1;0;2;WARNING;Nhân khẩu vắng mặt tại nơi cư trú quá 12 tháng;;;10.857614;106.621723;CSKV đã lập biên bản nhắc nhở: Nhân khẩu vắng mặt tại nơi cư trú quá 12 tháng.;2026-09-25;Đại úy Phạm Minh Đức
231;HK-DL-051;199;Đường Phan Văn Hớn;Ấp Đông Lân;Tổ 3;Mặt tiền đường;Hồ Đình Nam;0883545061;SPECIAL;Điểm dịch vụ Internet & Game 51;Dịch vụ Internet công cộng;5;2;3;2;3;WARNING;Cơ sở kinh doanh có điều kiện - kiểm tra định kỳ;2026-10-30;Giấy phép cung cấp dịch vụ Internet;10.859392;106.618610;CSKV đã lập biên bản nhắc nhở: Cơ sở kinh doanh có điều kiện - kiểm tra định kỳ.;2026-09-01;Đại úy Phạm Minh Đức
232;HK-DL-052;135/16;Đường Phan Văn Hớn;Ấp Đông Lân;Tổ 4;Hẻm 135;Ngô Thùy Hương;0897555681;RESIDENTIAL;;;6;4;2;2;4;NORMAL;;;;10.853020;106.619266;Hộ dân cư trú ổn định, chấp hành nghiêm quy định pháp luật và an ninh trật tự.;2026-09-08;Đại úy Phạm Minh Đức
233;HK-DL-053;112;Đường Đông Lân - Hưng Lân;Ấp Đông Lân;Tổ 5;Mặt tiền đường;Dương Văn Long;0984986080;RESIDENTIAL;;;5;2;3;2;3;NORMAL;;;;10.858534;106.621589;Hộ dân cư trú ổn định, chấp hành nghiêm quy định pháp luật và an ninh trật tự.;2026-09-26;Đại úy Phạm Minh Đức
234;HK-DL-054;5;Đường Phan Văn Hớn;Ấp Đông Lân;Tổ 6;Mặt tiền đường;Trần Hồng My;0937426397;RESIDENTIAL;;;3;2;1;0;3;NORMAL;;;;10.855778;106.617832;Hộ dân cư trú ổn định, chấp hành nghiêm quy định pháp luật và an ninh trật tự.;2026-09-04;Đại úy Phạm Minh Đức
235;HK-DL-055;53;Đường Quốc Lộ 1A;Ấp Đông Lân;Tổ 7;Mặt tiền đường;Trần Hoàng Long;0894391030;BUSINESS;VLXD Long;Kinh doanh VLXD;6;3;3;3;3;WARNING;Cần gia hạn chứng nhận thẩm duyệt PCCC cơ sở;2027-12-31;Đăng ký kinh doanh cá thể;10.856525;106.617075;Cơ sở kinh doanh mặt tiền đường, đã ký cam kết đảm bảo an toàn PCCC và ANTT.;2026-09-02;Đại úy Phạm Minh Đức
236;HK-DL-056;68/7;Đường Phan Văn Hớn;Ấp Đông Lân;Tổ 8;Hẻm 68;Ngô Đức Quân;0906114261;RESIDENTIAL;;;2;1;1;1;1;WARNING;Nhân khẩu vắng mặt tại nơi cư trú quá 12 tháng;;;10.854391;106.619262;CSKV đã lập biên bản nhắc nhở: Nhân khẩu vắng mặt tại nơi cư trú quá 12 tháng.;2026-09-22;Đại úy Phạm Minh Đức
237;HK-DL-057;51/25;Đường Đông Lân - Hưng Lân;Ấp Đông Lân;Tổ 1;Hẻm 51;Đỗ Thanh Trang;0975879529;RESIDENTIAL;;;2;1;1;0;2;NORMAL;;;;10.856475;106.623084;Hộ dân cư trú ổn định, chấp hành nghiêm quy định pháp luật và an ninh trật tự.;2026-09-02;Đại úy Phạm Minh Đức
238;HK-DL-058;17;Đường Quốc Lộ 1A;Ấp Đông Lân;Tổ 2;Mặt tiền đường;Phan Đình Quân;0987754391;BUSINESS;Cơ sở may Quân;Dệt may tiểu thủ công;5;1;4;1;4;NORMAL;;2027-12-31;Đăng ký kinh doanh cá thể;10.853344;106.620156;Cơ sở kinh doanh mặt tiền đường, đã ký cam kết đảm bảo an toàn PCCC và ANTT.;2026-09-17;Đại úy Phạm Minh Đức
239;HK-DL-059;120;Đường Quốc Lộ 1A;Ấp Đông Lân;Tổ 3;Mặt tiền đường;Nguyễn Thị Mai Nga;0863113384;RELIGIOUS;Điểm sinh hoạt Tôn giáo Tin Lành;Tôn giáo / Tín ngưỡng;5;2;3;2;3;NORMAL;;;;10.857731;106.619256;Hộ dân cư trú ổn định, chấp hành nghiêm quy định pháp luật và an ninh trật tự.;2026-09-11;Đại úy Phạm Minh Đức
240;HK-DL-060;12;Đường Bà Điểm 8;Ấp Đông Lân;Tổ 4;Mặt tiền đường;Đỗ Quốc Hải;0904293588;RESIDENTIAL;;;2;1;1;0;2;NORMAL;;;;10.853756;106.620170;Hộ dân cư trú ổn định, chấp hành nghiêm quy định pháp luật và an ninh trật tự.;2026-09-18;Đại úy Phạm Minh Đức
241;HK-HL-001;167/1;Đường Quốc Lộ 1A;Ấp Hậu Lân;Tổ 1;Hẻm 167;Lý Hữu Huy;0987691428;RESIDENTIAL;;;5;3;2;3;2;NORMAL;;;;10.849258;106.615796;Hộ dân cư trú ổn định, chấp hành nghiêm quy định pháp luật và an ninh trật tự.;2026-09-14;Thượng úy Vũ Đình Trọng
242;HK-HL-002;229;Đường Phan Văn Hớn;Ấp Hậu Lân;Tổ 2;Mặt tiền đường;Trần Hoàng Dũng;0884745666;BUSINESS;VLXD Dũng;Kinh doanh VLXD;4;1;3;1;3;NORMAL;;2027-12-31;Đăng ký kinh doanh cá thể;10.846921;106.615816;Cơ sở kinh doanh mặt tiền đường, đã ký cam kết đảm bảo an toàn PCCC và ANTT.;2026-09-21;Thượng úy Vũ Đình Trọng
243;HK-HL-003;221;Đường Quốc Lộ 1A;Ấp Hậu Lân;Tổ 3;Mặt tiền đường;Ngô Phương Dung;0882532988;RESIDENTIAL;;;2;1;1;0;2;NORMAL;;;;10.849085;106.622698;Hộ dân cư trú ổn định, chấp hành nghiêm quy định pháp luật và an ninh trật tự.;2026-09-12;Thượng úy Vũ Đình Trọng
244;HK-HL-004;98/9;Đường Quốc Lộ 1A;Ấp Hậu Lân;Tổ 4;Hẻm 98;Đặng Thị Mai Chi;0989157617;BUSINESS;VLXD Chi;Kinh doanh VLXD;6;3;3;1;5;WARNING;Cần gia hạn chứng nhận thẩm duyệt PCCC cơ sở;2027-12-31;Đăng ký kinh doanh cá thể;10.848743;106.622712;Cơ sở kinh doanh mặt tiền đường, đã ký cam kết đảm bảo an toàn PCCC và ANTT.;2026-09-07;Thượng úy Vũ Đình Trọng
245;HK-HL-005;192;Đường Phan Văn Hớn;Ấp Hậu Lân;Tổ 5;Mặt tiền đường;Đặng Quốc Thành;0932676186;RESIDENTIAL;;;3;1;2;1;2;NORMAL;;;;10.845178;106.621331;Hộ dân cư trú ổn định, chấp hành nghiêm quy định pháp luật và an ninh trật tự.;2026-09-20;Thượng úy Vũ Đình Trọng
246;HK-HL-006;13;Đường Hưng Lân;Ấp Hậu Lân;Tổ 6;Mặt tiền đường;Lý Hữu Thành;0932805381;RESIDENTIAL;;;6;4;2;4;2;NORMAL;;;;10.845521;106.617402;Hộ dân cư trú ổn định, chấp hành nghiêm quy định pháp luật và an ninh trật tự.;2026-09-09;Thượng úy Vũ Đình Trọng
247;HK-HL-007;122;Đường Phan Văn Hớn;Ấp Hậu Lân;Tổ 7;Mặt tiền đường;Võ Đình Hải;0911074477;RESIDENTIAL;;;4;2;2;0;4;NORMAL;;;;10.843956;106.620088;Hộ dân cư trú ổn định, chấp hành nghiêm quy định pháp luật và an ninh trật tự.;2026-09-14;Thượng úy Vũ Đình Trọng
248;HK-HL-008;69;Đường Hưng Lân;Ấp Hậu Lân;Tổ 8;Mặt tiền đường;Lê Thùy Linh;0914329417;RESIDENTIAL;;;5;3;2;2;3;NORMAL;;;;10.848082;106.616651;Hộ dân cư trú ổn định, chấp hành nghiêm quy định pháp luật và an ninh trật tự.;2026-09-13;Thượng úy Vũ Đình Trọng
249;HK-HL-009;88/25;Đường Phan Văn Hớn;Ấp Hậu Lân;Tổ 1;Hẻm 88;Lê Đức Tài;0917178160;RESIDENTIAL;;;5;2;3;2;3;NORMAL;;;;10.846113;106.616131;Hộ dân cư trú ổn định, chấp hành nghiêm quy định pháp luật và an ninh trật tự.;2026-09-05;Thượng úy Vũ Đình Trọng
250;HK-HL-010;204;Đường Quốc Lộ 1A;Ấp Hậu Lân;Tổ 2;Mặt tiền đường;Hồ Trọng Hùng;0898135142;RESIDENTIAL;;;5;3;2;2;3;NORMAL;;;;10.844111;106.622974;Hộ dân cư trú ổn định, chấp hành nghiêm quy định pháp luật và an ninh trật tự.;2026-09-16;Thượng úy Vũ Đình Trọng
251;HK-HL-011;41;Đường Phan Văn Hớn;Ấp Hậu Lân;Tổ 3;Mặt tiền đường;Đỗ Hoàng Hùng;0988638239;RESIDENTIAL;;;6;3;3;3;3;NORMAL;;;;10.843774;106.622013;Hộ dân cư trú ổn định, chấp hành nghiêm quy định pháp luật và an ninh trật tự.;2026-09-11;Thượng úy Vũ Đình Trọng
252;HK-HL-012;28/8;Đường Quốc Lộ 1A;Ấp Hậu Lân;Tổ 4;Hẻm 28;Dương Hồng Chi;0894497679;RESIDENTIAL;;;5;2;3;2;3;NORMAL;;;;10.844691;106.619817;Hộ dân cư trú ổn định, chấp hành nghiêm quy định pháp luật và an ninh trật tự.;2026-09-21;Thượng úy Vũ Đình Trọng
253;HK-HL-013;32;Đường Phan Văn Hớn;Ấp Hậu Lân;Tổ 5;Mặt tiền đường;Võ Văn Sơn;0935578757;RESIDENTIAL;;;2;1;1;1;1;NORMAL;;;;10.846224;106.616202;Hộ dân cư trú ổn định, chấp hành nghiêm quy định pháp luật và an ninh trật tự.;2026-09-20;Thượng úy Vũ Đình Trọng
254;HK-HL-014;158;Đường Quốc Lộ 1A;Ấp Hậu Lân;Tổ 6;Mặt tiền đường;Đỗ Hữu Vinh;0976368958;RESIDENTIAL;;;3;2;1;1;2;NORMAL;;;;10.844990;106.615711;Hộ dân cư trú ổn định, chấp hành nghiêm quy định pháp luật và an ninh trật tự.;2026-09-18;Thượng úy Vũ Đình Trọng
255;HK-HL-015;145/8;Đường Phan Văn Hớn;Ấp Hậu Lân;Tổ 7;Hẻm 145;Đặng Quốc Phúc;0885086916;RESIDENTIAL;;;4;2;2;2;2;NORMAL;;;;10.847659;106.621438;Hộ dân cư trú ổn định, chấp hành nghiêm quy định pháp luật và an ninh trật tự.;2026-09-20;Thượng úy Vũ Đình Trọng
256;HK-HL-016;152/10;Đường Hưng Lân;Ấp Hậu Lân;Tổ 8;Hẻm 152;Huỳnh Hồng Quỳnh;0979860565;RESIDENTIAL;;;6;1;5;1;5;NORMAL;;;;10.848199;106.622423;Hộ dân cư trú ổn định, chấp hành nghiêm quy định pháp luật và an ninh trật tự.;2026-09-04;Thượng úy Vũ Đình Trọng
257;HK-HL-017;179;Đường Hưng Lân;Ấp Hậu Lân;Tổ 1;Mặt tiền đường;Phan Hữu Nam;0896544782;RESIDENTIAL;;;3;1;2;0;3;NORMAL;;;;10.850095;106.617015;Hộ dân cư trú ổn định, chấp hành nghiêm quy định pháp luật và an ninh trật tự.;2026-09-16;Thượng úy Vũ Đình Trọng
258;HK-HL-018;132;Đường Hưng Lân;Ấp Hậu Lân;Tổ 2;Mặt tiền đường;Hoàng Văn Dũng;0984887994;BOARDING_HOUSE;Dãy phòng trọ Cô Sáu (15 phòng);Cho thuê lưu trú / Nhà trọ;3;2;1;0;3;WARNING;Có nhân khẩu tạm trú mới chưa nộp tờ khai định danh;2026-12-31;Cam kết đảm bảo ANTT lưu trú;10.849654;106.622006;Nhà trọ người lao động, định kỳ kiểm tra sổ khai báo lưu trú qua Cổng VNeID.;2026-09-02;Thượng úy Vũ Đình Trọng
259;HK-HL-019;119/15;Đường Hưng Lân;Ấp Hậu Lân;Tổ 3;Hẻm 119;Dương Đình Hùng;0931613926;RESIDENTIAL;;;2;1;1;0;2;WARNING;Nhân khẩu vắng mặt tại nơi cư trú quá 12 tháng;;;10.849356;106.615645;CSKV đã lập biên bản nhắc nhở: Nhân khẩu vắng mặt tại nơi cư trú quá 12 tháng.;2026-09-25;Thượng úy Vũ Đình Trọng
260;HK-HL-020;19;Đường Hưng Lân;Ấp Hậu Lân;Tổ 4;Mặt tiền đường;Nguyễn Ngọc Tuyết;0988528474;RESIDENTIAL;;;2;1;1;0;2;NORMAL;;;;10.845112;106.615383;Hộ dân cư trú ổn định, chấp hành nghiêm quy định pháp luật và an ninh trật tự.;2026-09-23;Thượng úy Vũ Đình Trọng
261;HK-HL-021;13/10;Đường Hưng Lân;Ấp Hậu Lân;Tổ 5;Hẻm 13;Hồ Minh Dũng;0981306645;BOARDING_HOUSE;Nhà trọ Thanh Bình (12 phòng);Cho thuê lưu trú / Nhà trọ;4;2;2;3;1;NORMAL;;2026-12-31;Cam kết đảm bảo ANTT lưu trú;10.845855;106.621651;Nhà trọ người lao động, định kỳ kiểm tra sổ khai báo lưu trú qua Cổng VNeID.;2026-09-18;Thượng úy Vũ Đình Trọng
262;HK-HL-022;230;Đường Hưng Lân;Ấp Hậu Lân;Tổ 6;Mặt tiền đường;Võ Hữu An;0913147511;RESIDENTIAL;;;2;1;1;1;1;NORMAL;;;;10.845064;106.622312;Hộ dân cư trú ổn định, chấp hành nghiêm quy định pháp luật và an ninh trật tự.;2026-09-13;Thượng úy Vũ Đình Trọng
263;HK-HL-023;163/8;Đường Hưng Lân;Ấp Hậu Lân;Tổ 7;Hẻm 163;Ngô Thanh Tùng;0898477216;RESIDENTIAL;;;3;2;1;0;3;NORMAL;;;;10.846949;106.616605;Hộ dân cư trú ổn định, chấp hành nghiêm quy định pháp luật và an ninh trật tự.;2026-09-21;Thượng úy Vũ Đình Trọng
264;HK-HL-024;12;Đường Quốc Lộ 1A;Ấp Hậu Lân;Tổ 8;Mặt tiền đường;Nguyễn Bích Huyền;0984749034;BUSINESS;Nhà thuốc Huyền;Y tế tư nhân;6;3;3;2;4;WARNING;Cần gia hạn chứng nhận thẩm duyệt PCCC cơ sở;2027-12-31;Đăng ký kinh doanh cá thể;10.848816;106.620467;Cơ sở kinh doanh mặt tiền đường, đã ký cam kết đảm bảo an toàn PCCC và ANTT.;2026-09-03;Thượng úy Vũ Đình Trọng
265;HK-HL-025;12;Đường Phan Văn Hớn;Ấp Hậu Lân;Tổ 1;Mặt tiền đường;Dương Kim Oanh;0934954709;RESIDENTIAL;;;3;1;2;0;3;NORMAL;;;;10.846746;106.619467;Hộ dân cư trú ổn định, chấp hành nghiêm quy định pháp luật và an ninh trật tự.;2026-09-14;Thượng úy Vũ Đình Trọng
266;HK-HL-026;214;Đường Hưng Lân;Ấp Hậu Lân;Tổ 2;Mặt tiền đường;Ngô Hữu Nghĩa;0988521241;RESIDENTIAL;;;6;2;4;4;2;NORMAL;;;;10.849432;106.618385;Hộ dân cư trú ổn định, chấp hành nghiêm quy định pháp luật và an ninh trật tự.;2026-09-13;Thượng úy Vũ Đình Trọng
267;HK-HL-027;159;Đường Hưng Lân;Ấp Hậu Lân;Tổ 3;Mặt tiền đường;Phan Đình Hùng;0931622330;BOARDING_HOUSE;Nhà trọ Minh Tâm (10 phòng);Cho thuê lưu trú / Nhà trọ;6;1;5;2;4;NORMAL;;2026-12-31;Cam kết đảm bảo ANTT lưu trú;10.847459;106.616428;Nhà trọ người lao động, định kỳ kiểm tra sổ khai báo lưu trú qua Cổng VNeID.;2026-09-13;Thượng úy Vũ Đình Trọng
268;HK-HL-028;178;Đường Phan Văn Hớn;Ấp Hậu Lân;Tổ 4;Mặt tiền đường;Hồ Bích Phương;0935726160;BOARDING_HOUSE;Nhà trọ Minh Tâm (10 phòng);Cho thuê lưu trú / Nhà trọ;3;1;2;1;2;NORMAL;;2026-12-31;Cam kết đảm bảo ANTT lưu trú;10.848300;106.619061;Nhà trọ người lao động, định kỳ kiểm tra sổ khai báo lưu trú qua Cổng VNeID.;2026-09-03;Thượng úy Vũ Đình Trọng
269;HK-HL-029;79/10;Đường Quốc Lộ 1A;Ấp Hậu Lân;Tổ 5;Hẻm 79;Lý Quốc Tài;0912280422;RESIDENTIAL;;;4;2;2;1;3;NORMAL;;;;10.846436;106.622071;Hộ dân cư trú ổn định, chấp hành nghiêm quy định pháp luật và an ninh trật tự.;2026-09-01;Thượng úy Vũ Đình Trọng
270;HK-HL-030;87;Đường Phan Văn Hớn;Ấp Hậu Lân;Tổ 6;Mặt tiền đường;Đặng Thị Mai Hương;0895749750;RESIDENTIAL;;;4;1;3;2;2;NORMAL;;;;10.849151;106.620987;Hộ dân cư trú ổn định, chấp hành nghiêm quy định pháp luật và an ninh trật tự.;2026-09-03;Thượng úy Vũ Đình Trọng
271;HK-HL-031;19/17;Đường Quốc Lộ 1A;Ấp Hậu Lân;Tổ 7;Hẻm 19;Lê Hoàng Cường;0974242464;BUSINESS;VLXD Cường;Kinh doanh VLXD;3;2;1;1;2;NORMAL;;2027-12-31;Đăng ký kinh doanh cá thể;10.848831;106.621080;Cơ sở kinh doanh mặt tiền đường, đã ký cam kết đảm bảo an toàn PCCC và ANTT.;2026-09-01;Thượng úy Vũ Đình Trọng
272;HK-HL-032;244;Đường Phan Văn Hớn;Ấp Hậu Lân;Tổ 8;Mặt tiền đường;Ngô Như Thảo;0908128005;BOARDING_HOUSE;Dãy trọ Hai Lúa (14 phòng);Cho thuê lưu trú / Nhà trọ;6;5;1;3;3;NORMAL;;2026-12-31;Cam kết đảm bảo ANTT lưu trú;10.847749;106.615381;Nhà trọ người lao động, định kỳ kiểm tra sổ khai báo lưu trú qua Cổng VNeID.;2026-09-16;Thượng úy Vũ Đình Trọng
273;HK-HL-033;232;Đường Phan Văn Hớn;Ấp Hậu Lân;Tổ 1;Mặt tiền đường;Dương Xuân Sơn;0989133158;RESIDENTIAL;;;3;1;2;1;2;NORMAL;;;;10.849411;106.618399;Hộ dân cư trú ổn định, chấp hành nghiêm quy định pháp luật và an ninh trật tự.;2026-09-05;Thượng úy Vũ Đình Trọng
274;HK-HL-034;232;Đường Phan Văn Hớn;Ấp Hậu Lân;Tổ 2;Mặt tiền đường;Lê Bích Bích;0861445222;BOARDING_HOUSE;Nhà trọ Thanh Bình (12 phòng);Cho thuê lưu trú / Nhà trọ;3;2;1;0;3;NORMAL;;2026-12-31;Cam kết đảm bảo ANTT lưu trú;10.843913;106.616017;Nhà trọ người lao động, định kỳ kiểm tra sổ khai báo lưu trú qua Cổng VNeID.;2026-09-12;Thượng úy Vũ Đình Trọng
275;HK-HL-035;169;Đường Hưng Lân;Ấp Hậu Lân;Tổ 3;Mặt tiền đường;Lê Phương Phương;0901174333;BOARDING_HOUSE;Dãy trọ Hai Lúa (14 phòng);Cho thuê lưu trú / Nhà trọ;2;1;1;1;1;NORMAL;;2026-12-31;Cam kết đảm bảo ANTT lưu trú;10.849099;106.616330;Nhà trọ người lao động, định kỳ kiểm tra sổ khai báo lưu trú qua Cổng VNeID.;2026-09-08;Thượng úy Vũ Đình Trọng
276;HK-HL-036;137/5;Đường Quốc Lộ 1A;Ấp Hậu Lân;Tổ 4;Hẻm 137;Bùi Đình Minh;0978317177;RESIDENTIAL;;;3;1;2;0;3;NORMAL;;;;10.847660;106.618753;Hộ dân cư trú ổn định, chấp hành nghiêm quy định pháp luật và an ninh trật tự.;2026-09-21;Thượng úy Vũ Đình Trọng
277;HK-HL-037;177/25;Đường Phan Văn Hớn;Ấp Hậu Lân;Tổ 5;Hẻm 177;Bùi Thị Hoa;0903008619;RESIDENTIAL;;;5;2;3;3;2;WARNING;Nhân khẩu vắng mặt tại nơi cư trú quá 12 tháng;;;10.847362;106.617510;CSKV đã lập biên bản nhắc nhở: Nhân khẩu vắng mặt tại nơi cư trú quá 12 tháng.;2026-09-06;Thượng úy Vũ Đình Trọng
278;HK-HL-038;138/11;Đường Phan Văn Hớn;Ấp Hậu Lân;Tổ 6;Hẻm 138;Võ Đình Quân;0882529932;BUSINESS;Cà phê Quân;Giải khát;3;1;2;1;2;NORMAL;;2027-12-31;Đăng ký kinh doanh cá thể;10.844253;106.619947;Cơ sở kinh doanh mặt tiền đường, đã ký cam kết đảm bảo an toàn PCCC và ANTT.;2026-09-18;Thượng úy Vũ Đình Trọng
279;HK-HL-039;160;Đường Quốc Lộ 1A;Ấp Hậu Lân;Tổ 7;Mặt tiền đường;Phan Văn Huy;0861048331;BOARDING_HOUSE;Dãy trọ Hai Lúa (14 phòng);Cho thuê lưu trú / Nhà trọ;6;3;3;2;4;NORMAL;;2026-12-31;Cam kết đảm bảo ANTT lưu trú;10.846242;106.619843;Nhà trọ người lao động, định kỳ kiểm tra sổ khai báo lưu trú qua Cổng VNeID.;2026-09-15;Thượng úy Vũ Đình Trọng
280;HK-HL-040;126/17;Đường Phan Văn Hớn;Ấp Hậu Lân;Tổ 8;Hẻm 126;Vũ Minh Hải;0866069493;RESIDENTIAL;;;4;2;2;3;1;NORMAL;;;;10.844529;106.620957;Hộ dân cư trú ổn định, chấp hành nghiêm quy định pháp luật và an ninh trật tự.;2026-09-08;Thượng úy Vũ Đình Trọng
281;HK-HL-041;147;Đường Phan Văn Hớn;Ấp Hậu Lân;Tổ 1;Mặt tiền đường;Trần Như Hoa;0889639822;BOARDING_HOUSE;Nhà trọ Minh Tâm (10 phòng);Cho thuê lưu trú / Nhà trọ;3;1;2;1;2;NORMAL;;2026-12-31;Cam kết đảm bảo ANTT lưu trú;10.850475;106.616016;Nhà trọ người lao động, định kỳ kiểm tra sổ khai báo lưu trú qua Cổng VNeID.;2026-09-20;Thượng úy Vũ Đình Trọng
282;HK-HL-042;43/23;Đường Quốc Lộ 1A;Ấp Hậu Lân;Tổ 2;Hẻm 43;Bùi Kim Nga;0881533664;RESIDENTIAL;;;3;2;1;1;2;NORMAL;;;;10.845156;106.615653;Hộ dân cư trú ổn định, chấp hành nghiêm quy định pháp luật và an ninh trật tự.;2026-09-14;Thượng úy Vũ Đình Trọng
283;HK-HL-043;140;Đường Phan Văn Hớn;Ấp Hậu Lân;Tổ 3;Mặt tiền đường;Dương Minh Tuấn;0863691655;RESIDENTIAL;;;5;2;3;2;3;NORMAL;;;;10.845116;106.615241;Hộ dân cư trú ổn định, chấp hành nghiêm quy định pháp luật và an ninh trật tự.;2026-09-15;Thượng úy Vũ Đình Trọng
284;HK-HL-044;145;Đường Hưng Lân;Ấp Hậu Lân;Tổ 4;Mặt tiền đường;Lý Hữu Hải;0977285791;RESIDENTIAL;;;4;2;2;0;4;NORMAL;;;;10.848079;106.616922;Hộ dân cư trú ổn định, chấp hành nghiêm quy định pháp luật và an ninh trật tự.;2026-09-11;Thượng úy Vũ Đình Trọng
285;HK-HL-045;223;Đường Hưng Lân;Ấp Hậu Lân;Tổ 5;Mặt tiền đường;Ngô Đức Minh;0889946043;SPECIAL;Điểm dịch vụ Internet & Game 45;Dịch vụ Internet công cộng;2;1;1;0;2;WARNING;Cơ sở kinh doanh có điều kiện - kiểm tra định kỳ;2026-10-30;Giấy phép cung cấp dịch vụ Internet;10.845653;106.620858;CSKV đã lập biên bản nhắc nhở: Cơ sở kinh doanh có điều kiện - kiểm tra định kỳ.;2026-09-24;Thượng úy Vũ Đình Trọng
286;HK-HL-046;31;Đường Quốc Lộ 1A;Ấp Hậu Lân;Tổ 6;Mặt tiền đường;Võ Bích Bích;0868102416;SPECIAL;Điểm dịch vụ Internet & Game 46;Dịch vụ Internet công cộng;6;3;3;1;5;WARNING;Cơ sở kinh doanh có điều kiện - kiểm tra định kỳ;2026-10-30;Giấy phép cung cấp dịch vụ Internet;10.846638;106.617330;CSKV đã lập biên bản nhắc nhở: Cơ sở kinh doanh có điều kiện - kiểm tra định kỳ.;2026-09-14;Thượng úy Vũ Đình Trọng
287;HK-HL-047;85/23;Đường Hưng Lân;Ấp Hậu Lân;Tổ 7;Hẻm 85;Võ Thanh Minh;0885220188;RESIDENTIAL;;;3;2;1;0;3;NORMAL;;;;10.846393;106.622331;Hộ dân cư trú ổn định, chấp hành nghiêm quy định pháp luật và an ninh trật tự.;2026-09-13;Thượng úy Vũ Đình Trọng
288;HK-HL-048;125;Đường Phan Văn Hớn;Ấp Hậu Lân;Tổ 8;Mặt tiền đường;Vũ Bích Hạnh;0882665994;RESIDENTIAL;;;4;3;1;0;4;NORMAL;;;;10.849378;106.615723;Hộ dân cư trú ổn định, chấp hành nghiêm quy định pháp luật và an ninh trật tự.;2026-09-11;Thượng úy Vũ Đình Trọng
289;HK-HL-049;225;Đường Phan Văn Hớn;Ấp Hậu Lân;Tổ 1;Mặt tiền đường;Đặng Thùy Trâm;0908366822;RESIDENTIAL;;;5;1;4;3;2;NORMAL;;;;10.845342;106.617267;Hộ dân cư trú ổn định, chấp hành nghiêm quy định pháp luật và an ninh trật tự.;2026-09-25;Thượng úy Vũ Đình Trọng
290;HK-HL-050;218;Đường Quốc Lộ 1A;Ấp Hậu Lân;Tổ 2;Mặt tiền đường;Võ Thị Mai Dung;0975035290;RESIDENTIAL;;;6;3;3;2;4;NORMAL;;;;10.849527;106.616022;Hộ dân cư trú ổn định, chấp hành nghiêm quy định pháp luật và an ninh trật tự.;2026-09-18;Thượng úy Vũ Đình Trọng
291;HK-HL-051;197/14;Đường Phan Văn Hớn;Ấp Hậu Lân;Tổ 3;Hẻm 197;Trần Ngọc Tuyết;0906776797;RESIDENTIAL;;;3;2;1;1;2;WARNING;Nhân khẩu vắng mặt tại nơi cư trú quá 12 tháng;;;10.846509;106.617082;CSKV đã lập biên bản nhắc nhở: Nhân khẩu vắng mặt tại nơi cư trú quá 12 tháng.;2026-09-26;Thượng úy Vũ Đình Trọng
292;HK-HL-052;191/5;Đường Quốc Lộ 1A;Ấp Hậu Lân;Tổ 4;Hẻm 191;Phan Văn Nghĩa;0885218729;RESIDENTIAL;;;6;3;3;1;5;NORMAL;;;;10.847022;106.618281;Hộ dân cư trú ổn định, chấp hành nghiêm quy định pháp luật và an ninh trật tự.;2026-09-26;Thượng úy Vũ Đình Trọng
293;HK-HL-053;51/4;Đường Hưng Lân;Ấp Hậu Lân;Tổ 5;Hẻm 51;Đặng Bích Lan;0881610588;RESIDENTIAL;;;3;2;1;0;3;NORMAL;;;;10.843908;106.622164;Hộ dân cư trú ổn định, chấp hành nghiêm quy định pháp luật và an ninh trật tự.;2026-09-14;Thượng úy Vũ Đình Trọng
294;HK-HL-054;125/18;Đường Phan Văn Hớn;Ấp Hậu Lân;Tổ 6;Hẻm 125;Dương Thị Mai Ngân;0881131329;BOARDING_HOUSE;Nhà trọ Thanh Bình (12 phòng);Cho thuê lưu trú / Nhà trọ;2;1;1;0;2;NORMAL;;2026-12-31;Cam kết đảm bảo ANTT lưu trú;10.845561;106.622009;Nhà trọ người lao động, định kỳ kiểm tra sổ khai báo lưu trú qua Cổng VNeID.;2026-09-12;Thượng úy Vũ Đình Trọng
295;HK-HL-055;210;Đường Phan Văn Hớn;Ấp Hậu Lân;Tổ 7;Mặt tiền đường;Dương Thùy Mai;0897034518;RESIDENTIAL;;;3;2;1;1;2;NORMAL;;;;10.850226;106.619440;Hộ dân cư trú ổn định, chấp hành nghiêm quy định pháp luật và an ninh trật tự.;2026-09-15;Thượng úy Vũ Đình Trọng
296;HK-HL-056;191/20;Đường Phan Văn Hớn;Ấp Hậu Lân;Tổ 8;Hẻm 191;Lý Thùy Yến;0898032317;SPECIAL;Điểm dịch vụ Internet & Game 56;Dịch vụ Internet công cộng;4;1;3;3;1;WARNING;Cơ sở kinh doanh có điều kiện - kiểm tra định kỳ;2026-10-30;Giấy phép cung cấp dịch vụ Internet;10.847215;106.617098;CSKV đã lập biên bản nhắc nhở: Cơ sở kinh doanh có điều kiện - kiểm tra định kỳ.;2026-09-01;Thượng úy Vũ Đình Trọng
297;HK-HL-057;116;Đường Quốc Lộ 1A;Ấp Hậu Lân;Tổ 1;Mặt tiền đường;Ngô Ngọc Ngân;0937674453;RESIDENTIAL;;;6;2;4;2;4;NORMAL;;;;10.849678;106.622983;Hộ dân cư trú ổn định, chấp hành nghiêm quy định pháp luật và an ninh trật tự.;2026-09-08;Thượng úy Vũ Đình Trọng
298;HK-HL-058;209;Đường Phan Văn Hớn;Ấp Hậu Lân;Tổ 2;Mặt tiền đường;Đặng Hoàng Nam;0861300621;RELIGIOUS;Miếu Bà Ngũ Hành Bà Điểm;Tôn giáo / Tín ngưỡng;2;1;1;0;2;NORMAL;;;;10.843926;106.622548;Hộ dân cư trú ổn định, chấp hành nghiêm quy định pháp luật và an ninh trật tự.;2026-09-14;Thượng úy Vũ Đình Trọng
299;HK-HL-059;242;Đường Hưng Lân;Ấp Hậu Lân;Tổ 3;Mặt tiền đường;Trần Kim Phương;0888979833;RESIDENTIAL;;;5;2;3;1;4;NORMAL;;;;10.847544;106.621433;Hộ dân cư trú ổn định, chấp hành nghiêm quy định pháp luật và an ninh trật tự.;2026-09-10;Thượng úy Vũ Đình Trọng
300;HK-HL-060;123;Đường Quốc Lộ 1A;Ấp Hậu Lân;Tổ 4;Mặt tiền đường;Nguyễn Đức Minh;0888369619;BOARDING_HOUSE;Dãy trọ Hai Lúa (14 phòng);Cho thuê lưu trú / Nhà trọ;2;1;1;1;1;NORMAL;;2026-12-31;Cam kết đảm bảo ANTT lưu trú;10.848841;106.616595;Nhà trọ người lao động, định kỳ kiểm tra sổ khai báo lưu trú qua Cổng VNeID.;2026-09-12;Thượng úy Vũ Đình Trọng
301;HK-TLN-001;43;Đường Bà Điểm 4;Ấp Tiền Lân;Tổ 1;Mặt tiền đường;Lý Đức Sơn;0867190514;RESIDENTIAL;;;4;3;1;1;3;NORMAL;;;;10.852071;106.605867;Hộ dân cư trú ổn định, chấp hành nghiêm quy định pháp luật và an ninh trật tự.;2026-09-15;Trung úy Đặng Hữu Thắng
302;HK-TLN-002;19/18;Đường Quốc Lộ 22;Ấp Tiền Lân;Tổ 2;Hẻm 19;Đặng Kim Hạnh;0886692290;RESIDENTIAL;;;3;1;2;1;2;NORMAL;;;;10.854826;106.607004;Hộ dân cư trú ổn định, chấp hành nghiêm quy định pháp luật và an ninh trật tự.;2026-09-10;Trung úy Đặng Hữu Thắng
303;HK-TLN-003;89;Đường Quốc Lộ 22;Ấp Tiền Lân;Tổ 3;Mặt tiền đường;Lê Bích Nhung;0894162707;RESIDENTIAL;;;6;3;3;3;3;NORMAL;;;;10.851548;106.607300;Hộ dân cư trú ổn định, chấp hành nghiêm quy định pháp luật và an ninh trật tự.;2026-09-20;Trung úy Đặng Hữu Thắng
304;HK-TLN-004;113/22;Đường Quốc Lộ 22;Ấp Tiền Lân;Tổ 4;Hẻm 113;Huỳnh Hữu Minh;0884691488;RESIDENTIAL;;;3;1;2;0;3;NORMAL;;;;10.851351;106.604802;Hộ dân cư trú ổn định, chấp hành nghiêm quy định pháp luật và an ninh trật tự.;2026-09-12;Trung úy Đặng Hữu Thắng
305;HK-TLN-005;3/6;Đường Phan Văn Hớn;Ấp Tiền Lân;Tổ 5;Hẻm 3;Nguyễn Quốc Nghĩa;0985768060;BOARDING_HOUSE;Nhà trọ Thanh Bình (12 phòng);Cho thuê lưu trú / Nhà trọ;5;1;4;0;5;NORMAL;;2026-12-31;Cam kết đảm bảo ANTT lưu trú;10.849298;106.608211;Nhà trọ người lao động, định kỳ kiểm tra sổ khai báo lưu trú qua Cổng VNeID.;2026-09-02;Trung úy Đặng Hữu Thắng
306;HK-TLN-006;21/3;Đường Bà Điểm 4;Ấp Tiền Lân;Tổ 6;Hẻm 21;Bùi Đình Hiếu;0982526980;RESIDENTIAL;;;2;1;1;0;2;NORMAL;;;;10.851436;106.604760;Hộ dân cư trú ổn định, chấp hành nghiêm quy định pháp luật và an ninh trật tự.;2026-09-07;Trung úy Đặng Hữu Thắng
307;HK-TLN-007;45/16;Đường Phan Văn Hớn;Ấp Tiền Lân;Tổ 7;Hẻm 45;Trần Quốc An;0973900771;BOARDING_HOUSE;Dãy phòng trọ Cô Sáu (15 phòng);Cho thuê lưu trú / Nhà trọ;3;2;1;1;2;NORMAL;;2026-12-31;Cam kết đảm bảo ANTT lưu trú;10.854890;106.610732;Nhà trọ người lao động, định kỳ kiểm tra sổ khai báo lưu trú qua Cổng VNeID.;2026-09-15;Trung úy Đặng Hữu Thắng
308;HK-TLN-008;189;Đường Bà Điểm 4;Ấp Tiền Lân;Tổ 8;Mặt tiền đường;Lý Văn Minh;0883696970;RESIDENTIAL;;;3;2;1;0;3;NORMAL;;;;10.848669;106.611389;Hộ dân cư trú ổn định, chấp hành nghiêm quy định pháp luật và an ninh trật tự.;2026-09-19;Trung úy Đặng Hữu Thắng
309;HK-TLN-009;117/22;Đường Phan Văn Hớn;Ấp Tiền Lân;Tổ 1;Hẻm 117;Trần Minh Phúc;0902540418;RESIDENTIAL;;;3;2;1;0;3;NORMAL;;;;10.853315;106.605700;Hộ dân cư trú ổn định, chấp hành nghiêm quy định pháp luật và an ninh trật tự.;2026-09-25;Trung úy Đặng Hữu Thắng
310;HK-TLN-010;138;Đường Quốc Lộ 22;Ấp Tiền Lân;Tổ 2;Mặt tiền đường;Hồ Đình Quân;0935995541;RESIDENTIAL;;;5;4;1;1;4;NORMAL;;;;10.854809;106.605718;Hộ dân cư trú ổn định, chấp hành nghiêm quy định pháp luật và an ninh trật tự.;2026-09-11;Trung úy Đặng Hữu Thắng
311;HK-TLN-011;137/22;Đường Phan Văn Hớn;Ấp Tiền Lân;Tổ 3;Hẻm 137;Trần Như Dung;0933969959;BUSINESS;Nhà thuốc Dung;Y tế tư nhân;6;2;4;1;5;NORMAL;;2027-12-31;Đăng ký kinh doanh cá thể;10.855315;106.609768;Cơ sở kinh doanh mặt tiền đường, đã ký cam kết đảm bảo an toàn PCCC và ANTT.;2026-09-10;Trung úy Đặng Hữu Thắng
312;HK-TLN-012;199/25;Đường Bà Điểm 4;Ấp Tiền Lân;Tổ 4;Hẻm 199;Vũ Hồng Nhung;0939849587;RESIDENTIAL;;;5;3;2;3;2;NORMAL;;;;10.851791;106.608360;Hộ dân cư trú ổn định, chấp hành nghiêm quy định pháp luật và an ninh trật tự.;2026-09-24;Trung úy Đặng Hữu Thắng
313;HK-TLN-013;110/23;Đường Quốc Lộ 22;Ấp Tiền Lân;Tổ 5;Hẻm 110;Dương Đình Trung;0934933322;RESIDENTIAL;;;4;3;1;1;3;NORMAL;;;;10.854251;106.605926;Hộ dân cư trú ổn định, chấp hành nghiêm quy định pháp luật và an ninh trật tự.;2026-09-08;Trung úy Đặng Hữu Thắng
314;HK-TLN-014;115/6;Đường Phan Văn Hớn;Ấp Tiền Lân;Tổ 6;Hẻm 115;Lê Ngọc Yến;0865005736;RESIDENTIAL;;;2;1;1;0;2;NORMAL;;;;10.854522;106.606270;Hộ dân cư trú ổn định, chấp hành nghiêm quy định pháp luật và an ninh trật tự.;2026-09-13;Trung úy Đặng Hữu Thắng
315;HK-TLN-015;15/9;Đường Phan Văn Hớn;Ấp Tiền Lân;Tổ 7;Hẻm 15;Hồ Đức Huy;0889963911;BOARDING_HOUSE;Nhà trọ Minh Tâm (10 phòng);Cho thuê lưu trú / Nhà trọ;2;1;1;0;2;NORMAL;;2026-12-31;Cam kết đảm bảo ANTT lưu trú;10.854876;106.606790;Nhà trọ người lao động, định kỳ kiểm tra sổ khai báo lưu trú qua Cổng VNeID.;2026-09-18;Trung úy Đặng Hữu Thắng
316;HK-TLN-016;235;Đường Quốc Lộ 22;Ấp Tiền Lân;Tổ 8;Mặt tiền đường;Hồ Thị Bích;0918883169;BUSINESS;Nhà thuốc Bích;Y tế tư nhân;6;2;4;2;4;NORMAL;;2027-12-31;Đăng ký kinh doanh cá thể;10.854529;106.608693;Cơ sở kinh doanh mặt tiền đường, đã ký cam kết đảm bảo an toàn PCCC và ANTT.;2026-09-17;Trung úy Đặng Hữu Thắng
317;HK-TLN-017;219;Đường Phan Văn Hớn;Ấp Tiền Lân;Tổ 1;Mặt tiền đường;Huỳnh Văn Đức;0905250068;SPECIAL;Điểm dịch vụ Internet & Game 17;Dịch vụ Internet công cộng;5;3;2;1;4;WARNING;Cơ sở kinh doanh có điều kiện - kiểm tra định kỳ;2026-10-30;Giấy phép cung cấp dịch vụ Internet;10.853353;106.605430;CSKV đã lập biên bản nhắc nhở: Cơ sở kinh doanh có điều kiện - kiểm tra định kỳ.;2026-09-23;Trung úy Đặng Hữu Thắng
318;HK-TLN-018;154;Đường Bà Điểm 4;Ấp Tiền Lân;Tổ 2;Mặt tiền đường;Lê Như Tuyết;0988048665;RESIDENTIAL;;;3;1;2;1;2;NORMAL;;;;10.853361;106.611767;Hộ dân cư trú ổn định, chấp hành nghiêm quy định pháp luật và an ninh trật tự.;2026-09-26;Trung úy Đặng Hữu Thắng
319;HK-TLN-019;80/4;Đường Quốc Lộ 22;Ấp Tiền Lân;Tổ 3;Hẻm 80;Trần Hữu Quân;0915787509;RESIDENTIAL;;;6;5;1;2;4;NORMAL;;;;10.850837;106.610604;Hộ dân cư trú ổn định, chấp hành nghiêm quy định pháp luật và an ninh trật tự.;2026-09-07;Trung úy Đặng Hữu Thắng
320;HK-TLN-020;91;Đường Quốc Lộ 22;Ấp Tiền Lân;Tổ 4;Mặt tiền đường;Trần Thị Mai Thảo;0906036861;BUSINESS;Cơ sở may Thảo;Dệt may tiểu thủ công;4;3;1;0;4;NORMAL;;2027-12-31;Đăng ký kinh doanh cá thể;10.853189;106.610088;Cơ sở kinh doanh mặt tiền đường, đã ký cam kết đảm bảo an toàn PCCC và ANTT.;2026-09-25;Trung úy Đặng Hữu Thắng
321;HK-TLN-021;72;Đường Quốc Lộ 22;Ấp Tiền Lân;Tổ 5;Mặt tiền đường;Phạm Hữu Vinh;0862644102;RESIDENTIAL;;;6;2;4;2;4;NORMAL;;;;10.855130;106.609089;Hộ dân cư trú ổn định, chấp hành nghiêm quy định pháp luật và an ninh trật tự.;2026-09-13;Trung úy Đặng Hữu Thắng
322;HK-TLN-022;122/22;Đường Bà Điểm 4;Ấp Tiền Lân;Tổ 6;Hẻm 122;Võ Hồng Thảo;0886908209;BUSINESS;Quán cơm Thảo;Dịch vụ ăn uống;3;2;1;1;2;NORMAL;;2027-12-31;Đăng ký kinh doanh cá thể;10.852393;106.610827;Cơ sở kinh doanh mặt tiền đường, đã ký cam kết đảm bảo an toàn PCCC và ANTT.;2026-09-19;Trung úy Đặng Hữu Thắng
323;HK-TLN-023;84/20;Đường Quốc Lộ 22;Ấp Tiền Lân;Tổ 7;Hẻm 84;Dương Trọng Quân;0919152854;RESIDENTIAL;;;2;1;1;1;1;NORMAL;;;;10.854491;106.608233;Hộ dân cư trú ổn định, chấp hành nghiêm quy định pháp luật và an ninh trật tự.;2026-09-14;Trung úy Đặng Hữu Thắng
324;HK-TLN-024;98/22;Đường Bà Điểm 4;Ấp Tiền Lân;Tổ 8;Hẻm 98;Trần Văn Dũng;0903277450;BUSINESS;Cơ sở may Dũng;Dệt may tiểu thủ công;4;3;1;1;3;WARNING;Cần gia hạn chứng nhận thẩm duyệt PCCC cơ sở;2027-12-31;Đăng ký kinh doanh cá thể;10.851464;106.611216;Cơ sở kinh doanh mặt tiền đường, đã ký cam kết đảm bảo an toàn PCCC và ANTT.;2026-09-06;Trung úy Đặng Hữu Thắng
325;HK-TLN-025;161/20;Đường Phan Văn Hớn;Ấp Tiền Lân;Tổ 1;Hẻm 161;Nguyễn Hoàng Cường;0939765711;RESIDENTIAL;;;2;1;1;1;1;NORMAL;;;;10.855263;106.608197;Hộ dân cư trú ổn định, chấp hành nghiêm quy định pháp luật và an ninh trật tự.;2026-09-18;Trung úy Đặng Hữu Thắng
326;HK-TLN-026;106;Đường Phan Văn Hớn;Ấp Tiền Lân;Tổ 2;Mặt tiền đường;Vũ Văn Hiếu;0977524522;RESIDENTIAL;;;6;3;3;0;6;NORMAL;;;;10.854410;106.610429;Hộ dân cư trú ổn định, chấp hành nghiêm quy định pháp luật và an ninh trật tự.;2026-09-21;Trung úy Đặng Hữu Thắng
327;HK-TLN-027;17;Đường Phan Văn Hớn;Ấp Tiền Lân;Tổ 3;Mặt tiền đường;Hoàng Hữu Thắng;0982730148;RESIDENTIAL;;;6;3;3;0;6;NORMAL;;;;10.855362;106.609162;Hộ dân cư trú ổn định, chấp hành nghiêm quy định pháp luật và an ninh trật tự.;2026-09-18;Trung úy Đặng Hữu Thắng
328;HK-TLN-028;146/9;Đường Bà Điểm 4;Ấp Tiền Lân;Tổ 4;Hẻm 146;Lê Hoàng Nghĩa;0868465569;BOARDING_HOUSE;Dãy phòng trọ Cô Sáu (15 phòng);Cho thuê lưu trú / Nhà trọ;3;1;2;0;3;NORMAL;;2026-12-31;Cam kết đảm bảo ANTT lưu trú;10.851282;106.606959;Nhà trọ người lao động, định kỳ kiểm tra sổ khai báo lưu trú qua Cổng VNeID.;2026-09-03;Trung úy Đặng Hữu Thắng
329;HK-TLN-029;115/10;Đường Bà Điểm 4;Ấp Tiền Lân;Tổ 5;Hẻm 115;Võ Xuân Nam;0889201514;BUSINESS;Cơ sở may Nam;Dệt may tiểu thủ công;3;2;1;0;3;NORMAL;;2027-12-31;Đăng ký kinh doanh cá thể;10.851932;106.606501;Cơ sở kinh doanh mặt tiền đường, đã ký cam kết đảm bảo an toàn PCCC và ANTT.;2026-09-22;Trung úy Đặng Hữu Thắng
330;HK-TLN-030;7/11;Đường Bà Điểm 4;Ấp Tiền Lân;Tổ 6;Hẻm 7;Huỳnh Quốc Vinh;0931227690;RESIDENTIAL;;;6;5;1;2;4;NORMAL;;;;10.853233;106.605843;Hộ dân cư trú ổn định, chấp hành nghiêm quy định pháp luật và an ninh trật tự.;2026-09-22;Trung úy Đặng Hữu Thắng
331;HK-TLN-031;112;Đường Phan Văn Hớn;Ấp Tiền Lân;Tổ 7;Mặt tiền đường;Bùi Như Lan;0979770494;RESIDENTIAL;;;4;2;2;1;3;NORMAL;;;;10.853388;106.611014;Hộ dân cư trú ổn định, chấp hành nghiêm quy định pháp luật và an ninh trật tự.;2026-09-24;Trung úy Đặng Hữu Thắng
332;HK-TLN-032;222;Đường Phan Văn Hớn;Ấp Tiền Lân;Tổ 8;Mặt tiền đường;Nguyễn Thị Mai Oanh;0892805880;RESIDENTIAL;;;5;4;1;2;3;NORMAL;;;;10.854681;106.607455;Hộ dân cư trú ổn định, chấp hành nghiêm quy định pháp luật và an ninh trật tự.;2026-09-12;Trung úy Đặng Hữu Thắng
333;HK-TLN-033;224;Đường Quốc Lộ 22;Ấp Tiền Lân;Tổ 1;Mặt tiền đường;Ngô Đức Đức;0913998855;RESIDENTIAL;;;3;1;2;0;3;NORMAL;;;;10.851245;106.608491;Hộ dân cư trú ổn định, chấp hành nghiêm quy định pháp luật và an ninh trật tự.;2026-09-25;Trung úy Đặng Hữu Thắng
334;HK-TLN-034;194;Đường Quốc Lộ 22;Ấp Tiền Lân;Tổ 2;Mặt tiền đường;Võ Thị Mai Quỳnh;0885058675;RESIDENTIAL;;;3;2;1;2;1;NORMAL;;;;10.853661;106.607464;Hộ dân cư trú ổn định, chấp hành nghiêm quy định pháp luật và an ninh trật tự.;2026-09-23;Trung úy Đặng Hữu Thắng
335;HK-TLN-035;188/10;Đường Phan Văn Hớn;Ấp Tiền Lân;Tổ 3;Hẻm 188;Võ Quốc Long;0891899879;RESIDENTIAL;;;5;2;3;1;4;NORMAL;;;;10.852127;106.604975;Hộ dân cư trú ổn định, chấp hành nghiêm quy định pháp luật và an ninh trật tự.;2026-09-18;Trung úy Đặng Hữu Thắng
336;HK-TLN-036;85/21;Đường Quốc Lộ 22;Ấp Tiền Lân;Tổ 4;Hẻm 85;Huỳnh Văn Hùng;0919758404;RESIDENTIAL;;;2;1;1;1;1;WARNING;Nhân khẩu vắng mặt tại nơi cư trú quá 12 tháng;;;10.855077;106.609850;CSKV đã lập biên bản nhắc nhở: Nhân khẩu vắng mặt tại nơi cư trú quá 12 tháng.;2026-09-24;Trung úy Đặng Hữu Thắng
337;HK-TLN-037;69/2;Đường Phan Văn Hớn;Ấp Tiền Lân;Tổ 5;Hẻm 69;Võ Trọng Hải;0908557545;BOARDING_HOUSE;Nhà trọ Hưng Phát (8 phòng);Cho thuê lưu trú / Nhà trọ;3;2;1;1;2;NORMAL;;2026-12-31;Cam kết đảm bảo ANTT lưu trú;10.852597;106.606118;Nhà trọ người lao động, định kỳ kiểm tra sổ khai báo lưu trú qua Cổng VNeID.;2026-09-13;Trung úy Đặng Hữu Thắng
338;HK-TLN-038;164;Đường Phan Văn Hớn;Ấp Tiền Lân;Tổ 6;Mặt tiền đường;Nguyễn Minh Bình;0975161549;BUSINESS;Nhà thuốc Bình;Y tế tư nhân;2;1;1;0;2;NORMAL;;2027-12-31;Đăng ký kinh doanh cá thể;10.849673;106.607538;Cơ sở kinh doanh mặt tiền đường, đã ký cam kết đảm bảo an toàn PCCC và ANTT.;2026-09-05;Trung úy Đặng Hữu Thắng
339;HK-TLN-039;193;Đường Phan Văn Hớn;Ấp Tiền Lân;Tổ 7;Mặt tiền đường;Võ Thanh Hải;0939740460;RESIDENTIAL;;;5;1;4;3;2;NORMAL;;;;10.851983;106.608781;Hộ dân cư trú ổn định, chấp hành nghiêm quy định pháp luật và an ninh trật tự.;2026-09-12;Trung úy Đặng Hữu Thắng
340;HK-TLN-040;189;Đường Bà Điểm 4;Ấp Tiền Lân;Tổ 8;Mặt tiền đường;Phạm Thanh Nam;0888871330;BOARDING_HOUSE;Dãy trọ Hai Lúa (14 phòng);Cho thuê lưu trú / Nhà trọ;6;4;2;2;4;NORMAL;;2026-12-31;Cam kết đảm bảo ANTT lưu trú;10.851600;106.609594;Nhà trọ người lao động, định kỳ kiểm tra sổ khai báo lưu trú qua Cổng VNeID.;2026-09-18;Trung úy Đặng Hữu Thắng
341;HK-TLN-041;1/17;Đường Quốc Lộ 22;Ấp Tiền Lân;Tổ 1;Hẻm 1;Phan Hoàng Quân;0974290211;BUSINESS;Cà phê Quân;Giải khát;6;3;3;0;6;NORMAL;;2027-12-31;Đăng ký kinh doanh cá thể;10.854353;106.611180;Cơ sở kinh doanh mặt tiền đường, đã ký cam kết đảm bảo an toàn PCCC và ANTT.;2026-09-10;Trung úy Đặng Hữu Thắng
342;HK-TLN-042;109;Đường Quốc Lộ 22;Ấp Tiền Lân;Tổ 2;Mặt tiền đường;Hồ Hữu Thắng;0894185713;RESIDENTIAL;;;5;2;3;0;5;NORMAL;;;;10.855377;106.604096;Hộ dân cư trú ổn định, chấp hành nghiêm quy định pháp luật và an ninh trật tự.;2026-09-14;Trung úy Đặng Hữu Thắng
343;HK-TLN-043;234;Đường Phan Văn Hớn;Ấp Tiền Lân;Tổ 3;Mặt tiền đường;Lê Văn Cường;0867723073;RESIDENTIAL;;;2;1;1;1;1;NORMAL;;;;10.850039;106.607620;Hộ dân cư trú ổn định, chấp hành nghiêm quy định pháp luật và an ninh trật tự.;2026-09-20;Trung úy Đặng Hữu Thắng
344;HK-TLN-044;161/12;Đường Bà Điểm 4;Ấp Tiền Lân;Tổ 4;Hẻm 161;Lê Hoàng Đức;0906207529;SPECIAL;Điểm dịch vụ Internet & Game 44;Dịch vụ Internet công cộng;3;1;2;1;2;WARNING;Cơ sở kinh doanh có điều kiện - kiểm tra định kỳ;2026-10-30;Giấy phép cung cấp dịch vụ Internet;10.849215;106.608443;CSKV đã lập biên bản nhắc nhở: Cơ sở kinh doanh có điều kiện - kiểm tra định kỳ.;2026-09-09;Trung úy Đặng Hữu Thắng
345;HK-TLN-045;207;Đường Bà Điểm 4;Ấp Tiền Lân;Tổ 5;Mặt tiền đường;Ngô Xuân Thành;0911510826;BUSINESS;Tạp hóa Thành;Tạp hóa gia đình;5;1;4;1;4;NORMAL;;2027-12-31;Đăng ký kinh doanh cá thể;10.852213;106.604737;Cơ sở kinh doanh mặt tiền đường, đã ký cam kết đảm bảo an toàn PCCC và ANTT.;2026-09-24;Trung úy Đặng Hữu Thắng
346;HK-TLN-046;25;Đường Bà Điểm 4;Ấp Tiền Lân;Tổ 6;Mặt tiền đường;Bùi Hoàng Phúc;0881946457;RESIDENTIAL;;;2;1;1;1;1;NORMAL;;;;10.852580;106.610522;Hộ dân cư trú ổn định, chấp hành nghiêm quy định pháp luật và an ninh trật tự.;2026-09-21;Trung úy Đặng Hữu Thắng
347;HK-TLN-047;25/1;Đường Phan Văn Hớn;Ấp Tiền Lân;Tổ 7;Hẻm 25;Lê Minh Cường;0869351074;RESIDENTIAL;;;5;2;3;2;3;NORMAL;;;;10.854028;106.606502;Hộ dân cư trú ổn định, chấp hành nghiêm quy định pháp luật và an ninh trật tự.;2026-09-17;Trung úy Đặng Hữu Thắng
348;HK-TLN-048;86;Đường Phan Văn Hớn;Ấp Tiền Lân;Tổ 8;Mặt tiền đường;Bùi Văn An;0901875400;RESIDENTIAL;;;5;2;3;1;4;NORMAL;;;;10.853555;106.606234;Hộ dân cư trú ổn định, chấp hành nghiêm quy định pháp luật và an ninh trật tự.;2026-09-08;Trung úy Đặng Hữu Thắng
349;HK-TLN-049;85/2;Đường Bà Điểm 4;Ấp Tiền Lân;Tổ 1;Hẻm 85;Phan Thanh Cường;0977920072;BUSINESS;Cơ sở may Cường;Dệt may tiểu thủ công;5;2;3;3;2;NORMAL;;2027-12-31;Đăng ký kinh doanh cá thể;10.854773;106.604815;Cơ sở kinh doanh mặt tiền đường, đã ký cam kết đảm bảo an toàn PCCC và ANTT.;2026-09-20;Trung úy Đặng Hữu Thắng
350;HK-TLN-050;242;Đường Bà Điểm 4;Ấp Tiền Lân;Tổ 2;Mặt tiền đường;Bùi Thùy Chi;0975578561;RESIDENTIAL;;;6;5;1;1;5;NORMAL;;;;10.853227;106.607960;Hộ dân cư trú ổn định, chấp hành nghiêm quy định pháp luật và an ninh trật tự.;2026-09-13;Trung úy Đặng Hữu Thắng
351;HK-TLN-051;137/9;Đường Bà Điểm 4;Ấp Tiền Lân;Tổ 3;Hẻm 137;Trần Quốc Thắng;0977886643;RESIDENTIAL;;;3;1;2;1;2;WARNING;Nhân khẩu vắng mặt tại nơi cư trú quá 12 tháng;;;10.849264;106.609897;CSKV đã lập biên bản nhắc nhở: Nhân khẩu vắng mặt tại nơi cư trú quá 12 tháng.;2026-09-26;Trung úy Đặng Hữu Thắng
352;HK-TLN-052;47;Đường Bà Điểm 4;Ấp Tiền Lân;Tổ 4;Mặt tiền đường;Huỳnh Trọng Đức;0881558866;RESIDENTIAL;;;4;2;2;1;3;NORMAL;;;;10.854008;106.606618;Hộ dân cư trú ổn định, chấp hành nghiêm quy định pháp luật và an ninh trật tự.;2026-09-04;Trung úy Đặng Hữu Thắng
353;HK-TLN-053;215;Đường Bà Điểm 4;Ấp Tiền Lân;Tổ 5;Mặt tiền đường;Bùi Xuân Trung;0862165878;RESIDENTIAL;;;4;3;1;0;4;NORMAL;;;;10.853913;106.608194;Hộ dân cư trú ổn định, chấp hành nghiêm quy định pháp luật và an ninh trật tự.;2026-09-18;Trung úy Đặng Hữu Thắng
354;HK-TLN-054;40;Đường Bà Điểm 4;Ấp Tiền Lân;Tổ 6;Mặt tiền đường;Lê Quốc Huy;0863951829;BOARDING_HOUSE;Nhà trọ Thanh Bình (12 phòng);Cho thuê lưu trú / Nhà trọ;6;3;3;1;5;NORMAL;;2026-12-31;Cam kết đảm bảo ANTT lưu trú;10.849103;106.605332;Nhà trọ người lao động, định kỳ kiểm tra sổ khai báo lưu trú qua Cổng VNeID.;2026-09-23;Trung úy Đặng Hữu Thắng
355;HK-TLN-055;104;Đường Phan Văn Hớn;Ấp Tiền Lân;Tổ 7;Mặt tiền đường;Phạm Quốc Huy;0987825150;RESIDENTIAL;;;5;2;3;2;3;NORMAL;;;;10.850605;106.609978;Hộ dân cư trú ổn định, chấp hành nghiêm quy định pháp luật và an ninh trật tự.;2026-09-04;Trung úy Đặng Hữu Thắng
356;HK-TLN-056;200;Đường Quốc Lộ 22;Ấp Tiền Lân;Tổ 8;Mặt tiền đường;Dương Xuân Thành;0867809177;BUSINESS;VLXD Thành;Kinh doanh VLXD;4;1;3;0;4;NORMAL;;2027-12-31;Đăng ký kinh doanh cá thể;10.854615;106.605560;Cơ sở kinh doanh mặt tiền đường, đã ký cam kết đảm bảo an toàn PCCC và ANTT.;2026-09-26;Trung úy Đặng Hữu Thắng
357;HK-TLN-057;101/6;Đường Phan Văn Hớn;Ấp Tiền Lân;Tổ 1;Hẻm 101;Ngô Thị Mai Hoa;0938274595;RESIDENTIAL;;;4;2;2;2;2;NORMAL;;;;10.851734;106.606021;Hộ dân cư trú ổn định, chấp hành nghiêm quy định pháp luật và an ninh trật tự.;2026-09-24;Trung úy Đặng Hữu Thắng
358;HK-TLN-058;247;Đường Bà Điểm 4;Ấp Tiền Lân;Tổ 2;Mặt tiền đường;Vũ Xuân Vinh;0861612609;RESIDENTIAL;;;5;3;2;2;3;NORMAL;;;;10.853567;106.609223;Hộ dân cư trú ổn định, chấp hành nghiêm quy định pháp luật và an ninh trật tự.;2026-09-01;Trung úy Đặng Hữu Thắng
359;HK-TLN-059;40;Đường Quốc Lộ 22;Ấp Tiền Lân;Tổ 3;Mặt tiền đường;Ngô Quốc Long;0897440909;BUSINESS;Cà phê Long;Giải khát;6;3;3;1;5;NORMAL;;2027-12-31;Đăng ký kinh doanh cá thể;10.850765;106.604279;Cơ sở kinh doanh mặt tiền đường, đã ký cam kết đảm bảo an toàn PCCC và ANTT.;2026-09-03;Trung úy Đặng Hữu Thắng
360;HK-TLN-060;150/25;Đường Quốc Lộ 22;Ấp Tiền Lân;Tổ 4;Hẻm 150;Đặng Trọng Quân;0889010741;BUSINESS;Cơ sở may Quân;Dệt may tiểu thủ công;4;3;1;1;3;WARNING;Cần gia hạn chứng nhận thẩm duyệt PCCC cơ sở;2027-12-31;Đăng ký kinh doanh cá thể;10.849265;106.604862;Cơ sở kinh doanh mặt tiền đường, đã ký cam kết đảm bảo an toàn PCCC và ANTT.;2026-09-12;Trung úy Đặng Hữu Thắng